应招小妹被人这么狠狠的操还是头一次啊[14P],http://www.hf1z.com/html/10/yingzhaoxiaomeibeirenzhemehenhendecaohuanshitouyicia14P/
夫妻性爱居然玩这么嗨，白浆都操出来啦[14P],http://www.hf1z.com/html/10/fuqixingaijuranwanzhemehaibaijiangducaochulaila14P/
帮黑丝少妇剃完阴毛，她就让我爆了菊花[14P],http://www.hf1z.com/html/10/bangheisishaofutiwanyinmaotajiurangwobaoliaojuhua14P/
高清拍摄和性感女女性爱瞬间，屌丝边看边撸把[14P],http://www.hf1z.com/html/10/gaoqingpaishehexinggannvnvxingaishunjiandiaosibiankanbianluba14P/
骚妹子约炮想玩3P，咱必须满足人家啊[16P],http://www.hf1z.com/html/10/saomeiziyuepaoxiangwan3Pzanbixumanzurenjiaa16P/
让男人疯狂的馒头BB[30P],http://www.hf1z.com/html/10/rangnanrenfengkuangdemantouBB30P/
日本极品MM的性爱，表情迷死人了[20P],http://www.hf1z.com/html/10/ribenjipinMMdexingaibiaoqingmisirenliao20P/
3P乱伦大作，小姨的骚穴好饥渴[13P],http://www.hf1z.com/html/10/3Pluanlundazuoxiaoyidesaoxuehaojike13P/
性感，丰满，极品，看完忍不住要撸一管[30P],http://www.hf1z.com/html/10/xingganfengmanjipinkanwanrenbuzhuyaoluyiguan30P/
白嫩人妻的漂亮小穴太诱人了，插进去没忍住内射了[14P],http://www.hf1z.com/html/10/bainenrenqidepiaoliangxiaoxuetaiyourenliaochajinqumeirenzhuneisheliao14P/
插进靓妞的一线天骚穴，谁都会忍不住内射[14P],http://www.hf1z.com/html/10/chajinjinghaodeyixiantiansaoxueshuiduhuirenbuzhuneishe14P/
双洞齐开把淫荡少妇操的淫水横流[14P],http://www.hf1z.com/html/10/shuangdongqikaibayindangshaofucaodeyinshuihengliu14P/
翘起屁股等插，这个屁股的形状非常适合后入[10P],http://www.hf1z.com/html/10/qiaoqipigudengchazhegepigudexingzhuangfeichangshihehouru10P/
邻家姐姐小雪，乳房很美，身材很性感[13P],http://www.hf1z.com/html/10/linjiajiejiexiaoxuerufanghenmeishencaihenxinggan13P/
浴室里激战人妻最后内射结束战斗[14P],http://www.hf1z.com/html/10/yushilijizhanrenqizuihouneishejieshuzhandou14P/
发现盗用她的丈夫有一个年轻漂亮的妻子肉厕所[14P],http://www.hf1z.com/html/10/faxiandaoyongtadezhangfuyouyigenianqingpiaoliangdeqiziroucesuo14P/
让男人疯狂的馒头BB[30P],http://www.hf1z.com/html/10/rangnanrenfengkuangdemantouBB30P/
双洞齐开把淫荡少妇操的淫水横流[14P],http://www.hf1z.com/html/10/shuangdongqikaibayindangshaofucaodeyinshuihengliu14P/
3P乱伦大作，小姨的骚穴好饥渴[13P],http://www.hf1z.com/html/10/3Pluanlundazuoxiaoyidesaoxuehaojike13P/
天赚大了，3P卡哇伊美少妇[14P],http://www.hf1z.com/html/10/tianzhuandaliao3Pkawayimeishaofu14P/
人妻太耐操了，三洞全开她竟然还不满足[13P],http://www.hf1z.com/html/10/renqitainaicaoliaosandongquankaitajingranhuanbumanzu13P/
騷娘們的嫩鮑魚真不錯，絕對是名器[25P],http://www.hf1z.com/html/10/saoniangmendenenbaoyuzhenbucujianduishimingqi25P/
極上娘の場合～アヤ口交[10P],http://www.hf1z.com/html/10/jishangniangchanghekoujiao10P/
情侣家中激情爱爱，姿势玩的还挺嗨[14P],http://www.hf1z.com/html/10/qinglvjiazhongjiqingaiaizishiwandehuantinghai14P/
素人AV面接 瀬戸沙緒里（2）[26P],http://www.hf1z.com/html/10/surenAVmianjielaihushajinli226P/
群P性感美少妇，如此尤物大家一起分享[14P],http://www.hf1z.com/html/10/qunPxingganmeishaofuruciyouwudajiayiqifenxiang14P/
如此可爱的妹子就这样被老头给糟蹋了[15P],http://www.hf1z.com/html/10/rucikeaidemeizijiuzheyangbeilaotougeizaotaliao15P/
3P黑丝大奶少妇，射进她的骚穴里[14P],http://www.hf1z.com/html/10/3Pheisidanaishaofushejintadesaoxueli14P/
朋友的女人被我搞得好舒服 好嫩的BB[31P],http://www.hf1z.com/html/10/pengyoudenvrenbeiwogaodehaoshufuhaonendeBB31P/
前地方政府婦女[18P],http://www.hf1z.com/html/10/qiandifangzhengfufunv18P/
3P白虎性奴，顺便还爆了她的嫩菊花[14P],http://www.hf1z.com/html/10/3Pbaihuxingnushunbianhuanbaoliaotadenenjuhua14P/
骚逼妹子在宾馆被猛男在家狂草，爽到天[10P],http://www.hf1z.com/html/10/saobimeizizaibinguanbeimengnanzaijiakuangcaoshuangdaotian10P/
群P性感美少妇，如此尤物大家一起分享[14P],http://www.hf1z.com/html/10/qunPxingganmeishaofuruciyouwudajiayiqifenxiang14P/
穷屌丝用舌头和跳蛋征服了白富美[13P],http://www.hf1z.com/html/10/qiongdiaosiyongshetouhetiaodanzhengfuliaobaifumei13P/
妩媚的小少妇用她的小嫩穴细心的给你服务[14P],http://www.hf1z.com/html/10/wumeidexiaoshaofuyongtadexiaonenxuexixindegeinifuwu14P/
噴狂歡天使 潮也不錯滴蕩婦亂搞6P[19P],http://www.hf1z.com/html/10/fenkuanghuantianshichaoyebucudishengfuluangao6P19P/
坚挺大馒头带你从野外口交倒室内大炮，乐趣无穷[35P],http://www.hf1z.com/html/10/jiantingdamantoudainicongyewaikoujiaodaoshineidapaolequwuqiong35P/
人妻今田美香子老B黑木耳[16P],http://www.hf1z.com/html/10/renqijintianmeixiangzilaoBheimuer16P/
群交，想射哪就射哪[16P],http://www.hf1z.com/html/10/qunjiaoxiangshenajiushena16P/
胖騷貨~超級淫蕩的婊子[31P],http://www.hf1z.com/html/10/pangsaohuochaojiyinshengdebiaozi31P/
3P大奶人妻，她的小嫩穴绝对让人着迷[14P],http://www.hf1z.com/html/10/3Pdanairenqitadexiaonenxuejueduirangrenzhuomi14P/
漂亮的清纯小妹，技术一流绝对让你硬[22P],http://www.hf1z.com/html/10/piaoliangdeqingchunxiaomeijishuyiliujueduirangniying22P/
性感富婆享受性爱中的高潮[24P],http://www.hf1z.com/html/10/xingganfupoxiangshouxingaizhongdegaochao24P/
CRB48 ファン感謝デー2 麻倉憂[30P],http://www.hf1z.com/html/10/CRB48ganzheng2macangyou30P/
教堂里的淫乱，3P修女还带爆菊[14P],http://www.hf1z.com/html/10/jiaotanglideyinluan3Pxiunvhuandaibaoju14P/
炮友開房,橄欖油幹屁眼 做爱 一边做一边拍照[10P],http://www.hf1z.com/html/10/paoyoukaifangganlanyouganpiyanzuoaiyibianzuoyibianpaizhao10P/
中西美里&amp;中山由香利 4P肛交[22P],http://www.hf1z.com/html/10/zhongximeiliampampzhongshanyouxiangli4Pgangjiao22P/
欲仙欲死的年轻漂亮MM，看一次撸一次[18P],http://www.hf1z.com/html/10/yuxianyusidenianqingpiaoliangMMkanyiciluyici18P/
群P派对中国何时才有 羡慕嫉妒恨[15P],http://www.hf1z.com/html/10/qunPpaiduizhongguoheshicaiyouxianmujiduhen15P/
清純美少女被一群壯漢集体硬上[30P],http://www.hf1z.com/html/10/qingjimeishaonvbeiyiqunzhuanghanjitiyingshang30P/
一个嫩逼好多香肠 [19P],http://www.hf1z.com/html/10/yigenenbihaoduoxiangchang19P/
这一管必须给你 [15P],http://www.hf1z.com/html/10/zheyiguanbixugeini15P/
洁白如玉的肌肤性感妖艳的身材 [20P],http://www.hf1z.com/html/10/jiebairuyudejifuxingganyaoyandeshencai20P/
淫蕩小情人被操的欲生欲死那享受的表情好销魂 [17P],http://www.hf1z.com/html/10/yinshengxiaoqingrenbeicaodeyushengyusinaxiangshoudebiaoqinghaoxiaohun17P/
漂亮女列车员被射的满脸都是精液 [18P],http://www.hf1z.com/html/10/piaoliangnvliecheyuanbeishedemanliandushijingye18P/
绑架了性感空姐被虐得翻白眼 [16P],http://www.hf1z.com/html/10/bangjialiaoxinggankongjiebeinuedefanbaiyan16P/
掰开她的小骚穴一阵玩弄 [10P],http://www.hf1z.com/html/10/baikaitadexiaosaoxueyizhenwannong10P/
妖娆诱人前凸后翘身材 [12P],http://www.hf1z.com/html/10/yaoraoyourenqiantuhouqiaoshencai12P/
酒店援交妹那口交技术真棒吹的我躺在床上欲仙欲死 [11P],http://www.hf1z.com/html/10/jiudianyuanjiaomeinakoujiaojishuzhenbangchuidewotangzaichuangshangyuxianyusi11P/
学生妹拉到酒店好好开发 [17P],http://www.hf1z.com/html/10/xueshengmeiladaojiudianhaohaokaifa17P/
年轻貌美的小情妇这乾净白嫩的身材想想都诱惑 [13P],http://www.hf1z.com/html/10/nianqingmaomeidexiaoqingfuzheqianjingbainendeshencaixiangxiangduyouhuo13P/
羞哒哒的美人，怎幺会不好意思呢 [16P],http://www.hf1z.com/html/10/xiudadademeirenzenmihuibuhaoyisine16P/
颜射清纯美丽的小护士羡慕吗 [14P],http://www.hf1z.com/html/10/yansheqingchunmeilidexiaohushixianmuma14P/
黑丝诱惑 [16P],http://www.hf1z.com/html/10/heisiyouhuo16P/
双洞齐开马尾靓妞今天可爽歪啦 [12P],http://www.hf1z.com/html/10/shuangdongqikaimaweijinghaojintiankeshuangwaila12P/
宝贝速速来舔，让哥哥感觉爽下哦 [12P],http://www.hf1z.com/html/10/baobeisusulaitianranggegeganjueshuangxiao12P/
性感淫蕩骚女私拍巨乳妖艳身材照实在是诱人心动 [18P],http://www.hf1z.com/html/10/xingganyinshengsaonvsipaijuruyaoyanshencaizhaoshizaishiyourenxindong18P/
性感妖艳妹子洗澡时老是揉搓下面的小穴 [15P],http://www.hf1z.com/html/10/xingganyaoyanmeizixizaoshilaoshiroucuoxiamiandexiaoxue15P/
非常不错的女人，身材火爆，尤其是两个乳房，非常的养眼 [11P],http://www.hf1z.com/html/10/feichangbucuodenvrenshencaihuobaoyouqishilianggerufangfeichangdeyangyan11P/
妖娆的美女性感抚媚的身材宅男的女神 [17P],http://www.hf1z.com/html/10/yaoraodemeinvxingganfumeideshencaizhainandenvshen17P/
巨乳女郎被突然插入[13P],http://www.hf1z.com/html/10/jurunvlangbeiturancharu13P/
东京性感抚媚的少妇那白嫩丰满的巨乳好大好诱人 [10P],http://www.hf1z.com/html/10/dongjingxingganfumeideshaofunabainenfengmandejuruhaodahaoyouren10P/
酒屋服务员的特别招待[14P],http://www.hf1z.com/html/10/jiuwufuwuyuandetebiezhaodai14P/
课外赚取零花钱[15P],http://www.hf1z.com/html/10/kewaizhuanqulinghuaqian15P/
清纯的美貌甜美的笑容诱人的身材 [16P],http://www.hf1z.com/html/10/qingchundemeimaotianmeidexiaorongyourendeshencai16P/
美女那白嫩娇身特别嫩的无毛小穴好饱满 [10P],http://www.hf1z.com/html/10/meinvnabainenjiaoshentebienendewumaoxiaoxuehaobaoman10P/
美人妻的3P嬉戏[10P],http://www.hf1z.com/html/10/meirenqide3Pxixi10P/
巨乳性感人妻的3P经历[17P],http://www.hf1z.com/html/10/juruxingganrenqide3Pjingli17P/
火辣诱人的美貌洗澡的时候揉搓那大奶翘起那丰满的臀部 [10P],http://www.hf1z.com/html/10/huolayourendemeimaoxizaodeshihouroucuonadanaiqiaoqinafengmandetunbu10P/
屡遭奸淫的年轻偶像[21P],http://www.hf1z.com/html/10/lvzaojianyindenianqingouxiang21P/
旅馆里的亲密爱侣[20P],http://www.hf1z.com/html/10/lvguanlideqinmiailv20P/
爆操淑女丰腴又谙风情操到白浆都出来了[23P],http://www.hf1z.com/html/10/baocaoshunvfengyuyouanfengqingcaodaobaijiangduchulailiao23P/
斯文少妇很会口交干起来经验也丰富 [50P],http://www.hf1z.com/html/10/siwenshaofuhenhuikoujiaoganqilaijingyanyefengfu50P/
浴衣美人妻 松村かなえ[14P],http://www.hf1z.com/html/10/yuyimeirenqisongcun14P/
遇到这种女的你一晚可以干几次[13P],http://www.hf1z.com/html/10/yudaozhezhongnvdeniyiwankeyiganjici13P/
搞湿床单的骚女人玩3P才经典 [25P],http://www.hf1z.com/html/10/gaoshichuangdandesaonvrenwan3Pcaijingdian25P/
在溫泉玩SM私通的美人妻 沢田良美[20P],http://www.hf1z.com/html/10/zaiwenquanwanSMsitongdemeirenqizetianliangmei20P/
做愛時花樣百出的萌人妻 中野恵美子[28P],http://www.hf1z.com/html/10/zuoaishihuayangbaichudemengrenqizhongyehuimeizi28P/
可爱少女劲爱情趣玩具带来疯狂的快感 [49P],http://www.hf1z.com/html/10/keaishaonvjinaiqingquwanjudailaifengkuangdekuaigan49P/
这可爱的小妞被插到尿尿了 [35P],http://www.hf1z.com/html/10/zhekeaidexiaohaobeichadaoniaoniaoliao35P/
终于把我的学生小老婆给操了[21P],http://www.hf1z.com/html/10/zhongyubawodexueshengxiaolaopogeicaoliao21P/
私人女医生的色情临床治疗[10P],http://www.hf1z.com/html/10/sirennvyishengdeseqinglinchuangzhiliao10P/
爆操大奶骚货[13P],http://www.hf1z.com/html/10/baocaodanaisaohuo13P/
诱人的人妻你飘飘欲仙 [12P],http://www.hf1z.com/html/10/yourenderenqinipiaopiaoyuxian12P/
熊田夏树精品 [12P],http://www.hf1z.com/html/10/xiongtianxiashujingpin12P/
淫蕩女僕妹的秘密侍奉 [10P],http://www.hf1z.com/html/10/yinshengnvbumeidemimishifeng10P/
貌似喝醉酒的少妇大战多男口交太淫蕩了 [44P],http://www.hf1z.com/html/10/maosihezuijiudeshaofudazhanduonankoujiaotaiyinshengliao44P/
妖豔女优的极上癡态 [14P],http://www.hf1z.com/html/10/yaoyannvyoudejishangchitai14P/
诱人的大奶妹浴室水中性感诱人边洗澡边勾魂 [13P],http://www.hf1z.com/html/10/yourendedanaimeiyushishuizhongxingganyourenbianxizaobiangouhun13P/
性感人妻迷人的味道 [12P],http://www.hf1z.com/html/10/xingganrenqimirendeweidao12P/
游泳池爆操比基尼风骚人妻 [16P],http://www.hf1z.com/html/10/youyongchibaocaobijinifengsaorenqi16P/
性感小姨子被我操淫水满地流 [10P],http://www.hf1z.com/html/10/xingganxiaoyizibeiwocaoyinshuimandiliu10P/
美女小嘴含两个 [15P],http://www.hf1z.com/html/10/meinvxiaozuihanliangge15P/
性感人妻迷人的味道 [10P],http://www.hf1z.com/html/10/xingganrenqimirendeweidao10P/
乾净白嫩的美貌这诱人苗条的身材越看越想撸 [16P],http://www.hf1z.com/html/10/qianjingbainendemeimaozheyourenmiaotiaodeshencaiyuekanyuexianglu16P/
妖豔女优的极上癡态 [10P],http://www.hf1z.com/html/10/yaoyannvyoudejishangchitai10P/
真想爆操这个大奶长腿小婊砸 [10P],http://www.hf1z.com/html/10/zhenxiangbaocaozhegedanaichangtuixiaobiaoza10P/
这长相，这身材 [10P],http://www.hf1z.com/html/10/zhechangxiangzheshencai10P/
苗条诱人的美貌那性感的阴毛真骚 [11P],http://www.hf1z.com/html/10/miaotiaoyourendemeimaonaxinggandeyinmaozhensao11P/
堀江kurara [10P],http://www.hf1z.com/html/10/kujiangkurara10P/
性感美女帮我口交那淫水流的满床都是 [26P],http://www.hf1z.com/html/10/xingganmeinvbangwokoujiaonayinshuiliudemanchuangdushi26P/
性感火辣的美貌那巨乳有条好深的事业线 [13P],http://www.hf1z.com/html/10/xingganhuolademeimaonajuruyoutiaohaoshendeshiyexian13P/
漂亮女神在床上也是这幺骚淫水流满床 [10P],http://www.hf1z.com/html/10/piaoliangnvshenzaichuangshangyeshizhemisaoyinshuiliumanchuang10P/
丰满美貌挑逗着自己无毛小穴勾引人心 [11P],http://www.hf1z.com/html/10/fengmanmeimaotiaodouzhuozijiwumaoxiaoxuegouyinrenxin11P/
这是野战还是家庭内部战 [17P],http://www.hf1z.com/html/10/zheshiyezhanhuanshijiatingneibuzhan17P/
极品骚女口交毒龙肛交技术超棒 [15P],http://www.hf1z.com/html/10/jipinsaonvkoujiaodulonggangjiaojishuchaobang15P/
妖豔迷人熟女裸体在床上寂寞难耐一副饥渴的表情 [6P],http://www.hf1z.com/html/10/yaoyanmirenshunvluotizaichuangshangjimonannaiyifujikedebiaoqing6P/
丰满寂寞熟女在家扣穴独自一人守空房 [11P],http://www.hf1z.com/html/10/fengmanjimoshunvzaijiakouxueduziyirenshoukongfang11P/
流氓医生把我粉嫩BB给操了[12P],http://www.hf1z.com/html/10/liumangyishengbawofennenBBgeicaoliao12P/
酷暑夏天的激情降温法[11P],http://www.hf1z.com/html/10/kushuxiatiandejiqingjiangwenfa11P/
集体淫乱集体潮吹让人羡慕不已[31P],http://www.hf1z.com/html/10/jitiyinluanjitichaochuirangrenxianmubuyi31P/
巨臀美貌各种姿势夹住肉棒安慰她的骚穴 [14P],http://www.hf1z.com/html/10/jutunmeimaogezhongzishijiazhuroubanganweitadesaoxue14P/
苗条性感的美貌那迷人的笑容性感的身材是多的诱惑 [14P],http://www.hf1z.com/html/10/miaotiaoxinggandemeimaonamirendexiaorongxinggandeshencaishiduodeyouhuo14P/
童贞狩猎！性体验3000人的淫美熟女[23P],http://www.hf1z.com/html/10/tongzhenshouliexingtiyan3000rendeyinmeishunv23P/
这个不满足啊 [10P],http://www.hf1z.com/html/10/zhegebumanzua10P/
他人妻味，饥渴美熟女家中偷情[17P],http://www.hf1z.com/html/10/tarenqiweijikemeishunvjiazhongtouqing17P/
挺翘的碗型奶子好下想揉揉[17P],http://www.hf1z.com/html/10/tingqiaodewanxingnaizihaoxiaxiangrourou17P/
虛假報導揭露名人妻的本性[14P],http://www.hf1z.com/html/10/tajiabaodaojielumingrenqidebenxing14P/
漂亮美貌高挑诱人的身材白嫩性感可谓女神也 [15P],http://www.hf1z.com/html/10/piaoliangmeimaogaotiaoyourendeshencaibainenxinggankeweinvshenye15P/
漂亮性感兔女郎美貌诱人的网洞丝袜腿中间好黑 [11P],http://www.hf1z.com/html/10/piaoliangxinggantunvlangmeimaoyourendewangdongsiwatuizhongjianhaohei11P/
插入空手道熟女的骚穴 [17P],http://www.hf1z.com/html/10/charukongshoudaoshunvdesaoxue17P/
苗条诱人的身材穿着性感肉丝身材瘦了点但是很美 [10P],http://www.hf1z.com/html/10/miaotiaoyourendeshencaichuanzhuoxingganrousishencaishouliaodiandanshihenmei10P/
美熟女最有看头[10P],http://www.hf1z.com/html/10/meishunvzuiyoukantou10P/
美貌各种制服黑丝诱惑露出那旺盛的阴毛实在诱惑 [14P],http://www.hf1z.com/html/10/meimaogezhongzhifuheisiyouhuoluchunawangshengdeyinmaoshizaiyouhuo14P/
这女优也太漂亮了，好难得[22P],http://www.hf1z.com/html/10/zhenvyouyetaipiaoliangliaohaonande22P/
人妻邂逅老同学，回味过去的3P幽会[12P],http://www.hf1z.com/html/10/renqixiehoulaotongxuehuiweiguoqude3Pyouhui12P/
情挑美熟女，绝妙床技让你爽到升天[12P],http://www.hf1z.com/html/10/qingtiaomeishunvjuemiaochuangjirangnishuangdaoshengtian12P/
年轻貌美的小情妇这乾净白嫩的身材想想都诱惑 [14P],http://www.hf1z.com/html/10/nianqingmaomeidexiaoqingfuzheqianjingbainendeshencaixiangxiangduyouhuo14P/
清纯的外表，旺盛的黑森林[11P],http://www.hf1z.com/html/10/qingchundewaibiaowangshengdeheisenlin11P/
美眉又在流水了 [12P],http://www.hf1z.com/html/10/meimeiyouzailiushuiliao12P/
美麗妻子無盡華麗的身體[19P],http://www.hf1z.com/html/10/meiliqizimobaoqulideshenti19P/
美貌少妇说她喜欢在上面那样更激情更舒服 [10P],http://www.hf1z.com/html/10/meimaoshaofushuotaxihuanzaishangmiannayanggengjiqinggengshufu10P/
淫蕩大奶妹喜欢打野炮 [10P],http://www.hf1z.com/html/10/yinshengdanaimeixihuandayepao10P/
红配白,http://www.hf1z.com/html/10/hongpeibai/
今天才知道她是混血的,http://www.hf1z.com/html/10/jintiancaizhidaotashihunxuede/
AiOotomo12P,http://www.hf1z.com/html/10/AiOotomo12P/
ランジェリーナ杏10P,http://www.hf1z.com/html/10/xing10P/
美豔熟女的粉色调,http://www.hf1z.com/html/10/meiyanshunvdefensediao/
很可人的小妮子，阴部都发黑了，看来用的多啊,http://www.hf1z.com/html/10/henkerendexiaoniziyinbudufaheiliaokanlaiyongdeduoa/
这个女人够老了13P,http://www.hf1z.com/html/10/zhegenvrengoulaoliao13P/
亚洲美女112,http://www.hf1z.com/html/10/yazhoumeinv112/
気持ち良いからセックス続行＆中出し裕木まゆ10P,http://www.hf1z.com/html/10/qichiliangjinxingzhongchuyumu10P/
日本美女 Riri,http://www.hf1z.com/html/10/ribenmeinvRiri/
SizzlingHot15P,http://www.hf1z.com/html/10/SizzlingHot15P/
KeitoMiyazawa12P,http://www.hf1z.com/html/10/KeitoMiyazawa12P/
亚洲美女46,http://www.hf1z.com/html/10/yazhoumeinv46/
清洁小妹服务周到,http://www.hf1z.com/html/10/qingjiexiaomeifuwuzhoudao/
雨萱全裸欣赏她的嫩穴,http://www.hf1z.com/html/10/yuxuanquanluoxinshangtadenenxue/
淫らな人妻総集编15P,http://www.hf1z.com/html/10/yinrenqijinjibian15P/
林间白皙国模,http://www.hf1z.com/html/10/linjianbaixiguomo/
运动女孩-宋维娟,http://www.hf1z.com/html/10/yundongnvhaisongweijuan/
ランジェリーナ本田莉子10P,http://www.hf1z.com/html/10/bentianlizi10P/
一个十分清纯的童颜巨乳,http://www.hf1z.com/html/10/yigeshifenqingchundetongyanjuru/
紫眼影美妇,http://www.hf1z.com/html/10/ziyanyingmeifu/
有魅力的女孩 [12P],http://www.hf1z.com/html/10/youmeilidenvhai12P/
爆乳若妻結婚紀念日的疯狂性行为[11P],http://www.hf1z.com/html/10/baoruruoqijianhunjinianridefengkuangxingxingwei11P/
清纯美貌透明肉丝包裹着娇身水中湿身诱惑 [11P],http://www.hf1z.com/html/10/qingchunmeimaotoumingrousibaoguozhuojiaoshenshuizhongshishenyouhuo11P/
蓝色毛衣的媚惑 [13P],http://www.hf1z.com/html/10/lansemaoyidemeihuo13P/
海外留学遇故人的不幸遭遇 [18P],http://www.hf1z.com/html/10/haiwailiuxueyugurendebuxingzaoyu18P/
我的私人健美教练把我给日了[10P],http://www.hf1z.com/html/10/wodesirenjianmeijiaolianbawogeiriliao10P/
肉色丝袜气质美女 [12P],http://www.hf1z.com/html/10/rousesiwaqizhimeinv12P/
偷情现场的淫荡少妇[13P],http://www.hf1z.com/html/10/touqingxianchangdeyindangshaofu13P/
双插极品少妇[10P],http://www.hf1z.com/html/10/shuangchajipinshaofu10P/
18歲性感女优再次大战[10P],http://www.hf1z.com/html/10/18suixinggannvyouzaicidazhan10P/
童颜巨乳风俗娘[11P],http://www.hf1z.com/html/10/tongyanjurufengsuniang11P/
旅行女友太寂寞[12P],http://www.hf1z.com/html/10/lvxingnvyoutaijimo12P/
偷情的性感和服少妇越操越想操[10P],http://www.hf1z.com/html/10/touqingdexingganhefushaofuyuecaoyuexiangcao10P/
清纯白嫩学生妹被大叔挑逗的淫水流的满床都是 [12P],http://www.hf1z.com/html/10/qingchunbainenxueshengmeibeidashutiaodoudeyinshuiliudemanchuangdushi12P/
年纪小小的，会的技术可不少 [10P],http://www.hf1z.com/html/10/nianjixiaoxiaodehuidejishukebushao10P/
瞧瞧日本的海天盛宴[10P],http://www.hf1z.com/html/10/qiaoqiaoribendehaitianshengyan10P/
白肤爆乳风俗娘的完美胴体[16P],http://www.hf1z.com/html/10/baifubaorufengsuniangdewanmeidongti16P/
海外留学气质少妇遇故人的不幸遭遇 [18P],http://www.hf1z.com/html/10/haiwailiuxueqizhishaofuyugurendebuxingzaoyu18P/
不一样的岛国美女 [12P],http://www.hf1z.com/html/10/buyiyangdedaoguomeinv12P/
MM被弄到出水也一动不动[10P],http://www.hf1z.com/html/10/MMbeinongdaochushuiyeyidongbudong10P/
两个援交妹提供服务 [12P],http://www.hf1z.com/html/10/lianggeyuanjiaomeitigongfuwu12P/
健身完和兄弟跑到女更衣室干妹子[11P],http://www.hf1z.com/html/10/jianshenwanhexiongdipaodaonvgengyishiganmeizi11P/
日本国宝级巨乳女神[11P],http://www.hf1z.com/html/10/ribenguobaojijurunvshen11P/
3P巨乳娘顶级的潮吹[19P],http://www.hf1z.com/html/10/3Pjuruniangdingjidechaochui19P/
牢笼中的淫乱姐妹花[19P],http://www.hf1z.com/html/10/laolongzhongdeyinluanjiemeihua19P/
漂亮的美貌这饱满的美乳苗条的身材性感姿态好骚 [11P],http://www.hf1z.com/html/10/piaoliangdemeimaozhebaomandemeirumiaotiaodeshencaixingganzitaihaosao11P/
来个清纯的良家少妇，大家一起享受 [10P],http://www.hf1z.com/html/10/laigeqingchundeliangjiashaofudajiayiqixiangshou10P/
美女在家尽情享受 [12P],http://www.hf1z.com/html/10/meinvzaijiajinqingxiangshou12P/
寂寞人妻偷偷自慰被我爆操[12P],http://www.hf1z.com/html/10/jimorenqitoutouziweibeiwobaocao12P/
素人AV面接 瀬戸沙緒里（2）[26P],http://www.hf1z.com/html/10/surenAVmianjielaihushajinli226P/
清纯美少女被蹂躏中出-2[35P],http://www.hf1z.com/html/10/qingchunmeishaonvbeiroulinzhongchu235P/
黑丝少妇约炮猛男，看来她好像很舒爽[14P],http://www.hf1z.com/html/10/heisishaofuyuepaomengnankanlaitahaoxianghenshushuang14P/
极品性感的女神，白嫩丰满的酮体让人无法抗拒[15P],http://www.hf1z.com/html/10/jipinxinggandenvshenbainenfengmandetongtirangrenwufakangju15P/
性感老婆的蝴蝶骚穴做爱的时候就是淫水多[14P],http://www.hf1z.com/html/10/xingganlaopodehudiesaoxuezuoaideshihoujiushiyinshuiduo14P/
内射性感寂寞人妻[10P],http://www.hf1z.com/html/10/neishexingganjimorenqi10P/
天赚大了，3P卡哇伊美少妇[14P],http://www.hf1z.com/html/10/tianzhuandaliao3Pkawayimeishaofu14P/
淫荡少妇的捆绑群P大乱交 - 鈴木さとみ[19P],http://www.hf1z.com/html/10/yindangshaofudekunbangqunPdaluanjiaolingmu19P/
清纯美少女被蹂躏中出-2[35P],http://www.hf1z.com/html/10/qingchunmeishaonvbeiroulinzhongchu235P/
性感老婆的蝴蝶骚穴做爱的时候就是淫水多[14P],http://www.hf1z.com/html/10/xingganlaopodehudiesaoxuezuoaideshihoujiushiyinshuiduo14P/
宾馆约炮黑丝大波妹，他可把我伺候的爽死了[11P],http://www.hf1z.com/html/10/binguanyuepaoheisidabomeitakebawosihoudeshuangsiliao11P/
内射性感寂寞人妻[10P],http://www.hf1z.com/html/10/neishexingganjimorenqi10P/
黑丝少妇奶子有点下垂，但是骚穴操着可真舒服[14P],http://www.hf1z.com/html/10/heisishaofunaiziyoudianxiachuidanshisaoxuecaozhuokezhenshufu14P/
朋友的女人被我搞得好舒服 好嫩的BB[31P],http://www.hf1z.com/html/10/pengyoudenvrenbeiwogaodehaoshufuhaonendeBB31P/
漂亮的妹子被集体凌辱[20P],http://www.hf1z.com/html/10/piaoliangdemeizibeijitilingru20P/
制服妹被搭讪的男人带到餐厅3P - 櫻木梨乃[12P],http://www.hf1z.com/html/10/zhifumeibeidashandenanrendaidaocanting3Pyingmulinai12P/
漂亮的妹子被集体凌辱[20P],http://www.hf1z.com/html/10/piaoliangdemeizibeijitilingru20P/
清純派美少女 X完还想X[18P],http://www.hf1z.com/html/10/qingjipaimeishaonvXwanhuanxiangX18P/
肉肉的大波熟女日起来还是蛮爽的嘛[14P],http://www.hf1z.com/html/10/rouroudedaboshunvriqilaihuanshimanshuangdema14P/
肉欲美熟女両穴解放-華咲真冬[18P],http://www.hf1z.com/html/10/rouyumeishunvliangxuejiefangquxiaozhendong18P/
日本人特变态10多把个花姑娘的眼睛弄得都真不开[30P],http://www.hf1z.com/html/10/ribenrentebiantai10duobagehuaguniangdeyanjingnongdeduzhenbukai30P/
野战制服护士妹，3P感觉还不错啊[16P],http://www.hf1z.com/html/10/yezhanzhifuhushimei3Pganjuehuanbucuoa16P/
清純派美少女 X完还想X[18P],http://www.hf1z.com/html/10/qingjipaimeishaonvXwanhuanxiangX18P/
面對裸體盛宴，廚師也把持不住了[14P],http://www.hf1z.com/html/10/mianduiluotishengyanchushiyebachibuzhuliao14P/
肉欲美熟女両穴解放-華咲真冬[18P],http://www.hf1z.com/html/10/rouyumeishunvliangxuejiefangquxiaozhendong18P/
大奶学生妹做应招，为了金钱拼了 [17P],http://www.hf1z.com/html/10/danaixueshengmeizuoyingzhaoweiliaojinqianpinliao17P/
美月 [18P],http://www.hf1z.com/html/10/meiyue18P/
风骚熟女，寂寞难耐 [13P],http://www.hf1z.com/html/10/fengsaoshunvjimonannai13P/
伊泽千夏 [18P],http://www.hf1z.com/html/10/yizeqianxia18P/
Yuna Shiina [12P],http://www.hf1z.com/html/10/YunaShiina12P/
这样的护士，服务就是好 [14P],http://www.hf1z.com/html/10/zheyangdehushifuwujiushihao14P/
女优早乙女羽她的慾望清爽裸纤细 [18P],http://www.hf1z.com/html/10/nvyouzaoyinvyutadeyuwangqingshuangluoxianxi18P/
江籐梨花 [20P],http://www.hf1z.com/html/10/jianghulihua20P/
极品美女，奶子又白又大 [10P],http://www.hf1z.com/html/10/jipinmeinvnaiziyoubaiyouda10P/
淫蕩女僕妹的秘密侍奉 [16P],http://www.hf1z.com/html/10/yinshengnvbumeidemimishifeng16P/
淫蕩大奶妹喜欢打野炮 [14P],http://www.hf1z.com/html/10/yinshengdanaimeixihuandayepao14P/
艺术体操女孩的爱液流出 [11P],http://www.hf1z.com/html/10/yishuticaonvhaideaiyeliuchu11P/
风骚女上司对下属的奖励 [12P],http://www.hf1z.com/html/10/fengsaonvshangsiduixiashudejiangli12P/
丰满的少妇那白嫩肉感的身材特别是她脱掉肉丝跟内衣时好诱人 [14P],http://www.hf1z.com/html/10/fengmandeshaofunabainenrougandeshencaitebieshitatuodiaorousigenneiyishihaoyouren14P/
艺校新生再来一发，90年娇嫩羞涩美女 [12P],http://www.hf1z.com/html/10/yixiaoxinshengzailaiyifa90nianjiaonenxiusemeinv12P/
熟女的诱惑乳房 [12P],http://www.hf1z.com/html/10/shunvdeyouhuorufang12P/
漂亮的皮装内衣女孩 [11P],http://www.hf1z.com/html/10/piaoliangdepizhuangneiyinvhai11P/
美女尿尿 [23P],http://www.hf1z.com/html/10/meinvniaoniao23P/
性感美女被操的淫水满地流 [13P],http://www.hf1z.com/html/10/xingganmeinvbeicaodeyinshuimandiliu13P/
酒店里的缠绵 [11P],http://www.hf1z.com/html/10/jiudianlidechanmian11P/
制服妹子先自慰后背插 [17P],http://www.hf1z.com/html/10/zhifumeizixianziweihoubeicha17P/
在家自慰没锁门被老发现了 [13P],http://www.hf1z.com/html/10/zaijiaziweimeisuomenbeilaofaxianliao13P/
日本女人是不是什幺时候都能来个制服啊 [29P],http://www.hf1z.com/html/10/ribennvrenshibushishimishihoudunenglaigezhifua29P/
肤白咪正的美女自拍 [14P],http://www.hf1z.com/html/10/fubaimaizhengdemeinvzipai14P/
诱人的粉木耳掰开清晰可见 [12P],http://www.hf1z.com/html/10/yourendefenmuerbaikaiqingxikejian12P/
亚美妹自摸[22P],http://www.hf1z.com/html/10/yameimeizimo22P/
轻抚她漂亮的乳房和阴部,http://www.hf1z.com/html/10/qingfutapiaoliangderufangheyinbu/
无敌青春美少女,http://www.hf1z.com/html/10/wudiqingchunmeishaonv/
女老师和女同学被男生围奸,http://www.hf1z.com/html/10/nvlaoshihenvtongxuebeinanshengweijian/
丰满妖娆的国模,http://www.hf1z.com/html/10/fengmanyaoraodeguomo/
亚洲美女48,http://www.hf1z.com/html/10/yazhoumeinv48/
小护士美眉妩媚身材,http://www.hf1z.com/html/10/xiaohushimeimeiwumeishencai/
国模草垛上的完美艺术,http://www.hf1z.com/html/10/guomocaoduoshangdewanmeiyishu/
出众的面容热辣的身材保证你欲火焚身,http://www.hf1z.com/html/10/chuzhongdemianrongreladeshencaibaozhengniyuhuofenshen/
自己愉悦的荡妇,http://www.hf1z.com/html/10/zijiyuyuededangfu/
大奶子少女性爱,http://www.hf1z.com/html/10/danaizishaonvxingai/
Climax 早川凛 3,http://www.hf1z.com/html/10/Climaxzaochuanlin3/
Ayumu [あゆむ],http://www.hf1z.com/html/10/Ayumu/
国模小君油亮精品美体欣赏之二,http://www.hf1z.com/html/10/guomoxiaojunyouliangjingpinmeitixinshangzhier/
Miwi,http://www.hf1z.com/html/10/Miwi/
日本路边美女直接邀去饭店,http://www.hf1z.com/html/10/ribenlubianmeinvzhijieyaoqufandian/
风骚的要紧,http://www.hf1z.com/html/10/fengsaodeyaojin/
还是清纯的小姑娘，下面已经成黑木耳了,http://www.hf1z.com/html/10/huanshiqingchundexiaoguniangxiamianyijingchengheimuerliao/
喷血推荐——绝对史上最完美,http://www.hf1z.com/html/10/penxuetuijianjueduishishangzuiwanmei/
国模Yumi——宾馆里的骚货,http://www.hf1z.com/html/10/guomoYumibinguanlidesaohuo/
骑乗位お姉さんの暴発确定中出しSEX莲実クレア10P,http://www.hf1z.com/html/10/qichengweizibaofaquedingzhongchuSEXlianshi10P/
卧室里模特蓉蓉,http://www.hf1z.com/html/10/woshilimoterongrong/
风情万种的迷人亚裔少妇,http://www.hf1z.com/html/10/fengqingwanzhongdemirenyayishaofu/
性感少妇闭上眼等着我把她颜射12P,http://www.hf1z.com/html/10/xingganshaofubishangyandengzhuowobatayanshe12P/
AoiMizumori12P,http://www.hf1z.com/html/10/AoiMizumori12P/
AnnaMizukawa12P,http://www.hf1z.com/html/10/AnnaMizukawa12P/
唾液に溺れる嫁姑関係～安野由美饭冈かなこ10P,http://www.hf1z.com/html/10/tuoyenijiaguguanxianyeyoumeifangang10P/
邻家羞涩眼镜妹[21P],http://www.hf1z.com/html/10/linjiaxiuseyanjingmei21P/
少女组曲第3番あそぼ浅田麻友13P,http://www.hf1z.com/html/10/shaonvzuqudi3fanqiantianmayou13P/
KotoneAisaki12P,http://www.hf1z.com/html/10/KotoneAisaki12P/
Chisa ちさ 学校サボってサポ探し,http://www.hf1z.com/html/10/Chisaxuexiaotan/
美丽妇人给我口交12P,http://www.hf1z.com/html/10/meilifurengeiwokoujiao12P/
漂亮妹妹性感十足展露撩人一面10P,http://www.hf1z.com/html/10/piaoliangmeimeixingganshizuzhanluliaorenyimian10P/
AiYuumi12P,http://www.hf1z.com/html/10/AiYuumi12P/
那幺细的腰上却有那幺雄伟的大胸部15P,http://www.hf1z.com/html/10/namixideyaoshangqueyounamixiongweidedaxiongbu15P/
Climax 早川凛 1,http://www.hf1z.com/html/10/Climaxzaochuanlin1/
石川美奈子MinakoIshikawa之一17P,http://www.hf1z.com/html/10/shichuanmeinaiziMinakoIshikawazhiyi17P/
石桥渉のVDOLハンター15P,http://www.hf1z.com/html/10/shiqiaodieVDOL15P/
神圣少女とぅる～ん宣言神田るみ15P,http://www.hf1z.com/html/10/shenshengshaonvxuanyanshentian15P/
迷样大奶妞的顽皮肉奶头好诱人14P,http://www.hf1z.com/html/10/miyangdanaihaodewanpirounaitouhaoyouren14P/
HuwariAsian12P,http://www.hf1z.com/html/10/HuwariAsian12P/
日本衫浦则夫紧缚捆绑2012-中里优奈23P,http://www.hf1z.com/html/10/ribenshanpuzefujinfukunbang2012zhongliyounai23P/
AIKAの凄テクを我慢できれば生★中出しSEX10P,http://www.hf1z.com/html/10/AIKAqiwomanshengzhongchuSEX10P/
日本衫浦则夫紧缚捆绑2013-白黒原稿セレクト第七弾37P,http://www.hf1z.com/html/10/ribenshanpuzefujinfukunbang2013baiheiyuangaodiqidan37P/
日光浴+享受洋人大炮,http://www.hf1z.com/html/10/riguangyuxiangshouyangrendapao/
甜蜜的魅力12P,http://www.hf1z.com/html/10/tianmidemeili12P/
ReiAsian12P,http://www.hf1z.com/html/10/ReiAsian12P/
Haruki Toono 远野春希,http://www.hf1z.com/html/10/HarukiToonoyuanyechunxi/
她露了漂亮的小穴穴,http://www.hf1z.com/html/10/taluliaopiaoliangdexiaoxuexue/
日本衫浦则夫紧缚捆绑2012-中田裕子30P,http://www.hf1z.com/html/10/ribenshanpuzefujinfukunbang2012zhongtianyuzi30P/
FlowerHeart10P,http://www.hf1z.com/html/10/FlowerHeart10P/
各种方式各种爽31P,http://www.hf1z.com/html/10/gezhongfangshigezhongshuang31P/
大咪咪的少妇真诱人14P,http://www.hf1z.com/html/10/damaimaideshaofuzhenyouren14P/
ModelCollection系列佐々木マリア一本道121815_21026P,http://www.hf1z.com/html/10/ModelCollectionxiliezuomuyibendao12181521026P/
性感漂亮尤物少女10P,http://www.hf1z.com/html/10/xingganpiaoliangyouwushaonv10P/
痴女护士的射精治疗法-小野麻里亜12P,http://www.hf1z.com/html/10/chinvhushideshejingzhiliaofaxiaoyemalie12P/
三次元の、手コキしながらポコチンをおしゃぶりしてるエロ画像だよ～13P,http://www.hf1z.com/html/10/sanciyuanshouhuaxiang13P/
PREMIUMSHEMALETenma桜ノ宫てんま15P,http://www.hf1z.com/html/10/PREMIUMSHEMALETenmayinggong15P/
你们喜爱的无套15P,http://www.hf1z.com/html/10/nimenxiaidewutao15P/
汗だくスポコスレズビアン有村千佳南梨央奈10P,http://www.hf1z.com/html/10/hanyoucunqianjiananliyangnai10P/
国产极品模特去酒店SM绳艺私拍11P,http://www.hf1z.com/html/10/guochanjipinmotequjiudianSMshengyisipai11P/
白嫩少妇爱大鸡鸡16P,http://www.hf1z.com/html/10/bainenshaofuaidajiji16P/
20岁妙龄美女大胆内衣秀11P,http://www.hf1z.com/html/10/20suimiaolingmeinvdadanneiyixiu11P/
精典图集3610P,http://www.hf1z.com/html/10/jingdiantuji3610P/
TuiGirl推女郎第13期赵惟依无圣光套图35P,http://www.hf1z.com/html/10/TuiGirltuinvlangdi13qizhaoweiyiwushengguangtaotu35P/
精典图集6810P,http://www.hf1z.com/html/10/jingdiantuji6810P/
年轻貌美秀色可餐12P,http://www.hf1z.com/html/10/nianqingmaomeixiusekecan12P/
漂亮美貌前凸后翘33P,http://www.hf1z.com/html/10/piaoliangmeimaoqiantuhouqiao33P/
见过的最可爱漂亮的巨乳援交妹,http://www.hf1z.com/html/10/jianguodezuikeaipiaoliangdejuruyuanjiaomei/
子宫が欲する密着中出し千乃あずみ10P,http://www.hf1z.com/html/10/zigongyumizhuozhongchuqiannai10P/
青春翘乳,http://www.hf1z.com/html/10/qingchunqiaoru/
华丽なる淫乱熟女15P,http://www.hf1z.com/html/10/hualiyinluanshunv15P/
美少年から美少女へご奉仕オトコ15P,http://www.hf1z.com/html/10/meishaonianmeishaonvfengshi15P/
泰国美女 Lin Si Yee [16P],http://www.hf1z.com/html/10/taiguomeinvLinSiYee16P/
这种捆绑的方式还真是不多见哦11P,http://www.hf1z.com/html/10/zhezhongkunbangdefangshihuanzhenshibuduojiano11P/
天使偶像登场3P淫乱[20P],http://www.hf1z.com/html/10/tianshiouxiangdengchang3Pyinluan20P/
东京性感抚媚的少妇那白嫩丰满的巨乳好大好诱人 [11P],http://www.hf1z.com/html/10/dongjingxingganfumeideshaofunabainenfengmandejuruhaodahaoyouren11P/
套房里爆操性感学生妹子[11P],http://www.hf1z.com/html/10/taofanglibaocaoxingganxueshengmeizi11P/
性感小姨子被我操我淫水满地流[13P],http://www.hf1z.com/html/10/xingganxiaoyizibeiwocaowoyinshuimandiliu13P/
美貌洗白白那水冲打着白嫩的娇身阴毛都湿了 [10P],http://www.hf1z.com/html/10/meimaoxibaibainashuichongdazhuobainendejiaoshenyinmaodushiliao10P/
风风火火的老夫少妻 [11P],http://www.hf1z.com/html/10/fengfenghuohuodelaofushaoqi11P/
给客人提供暖床服务的宾馆小姐[12P],http://www.hf1z.com/html/10/geikerentigongnuanchuangfuwudebinguanxiaojie12P/
身材样貌都很好的美女 [12P],http://www.hf1z.com/html/10/shencaiyangmaoduhenhaodemeinv12P/
性感美乳人妻任我和兄弟摆布[11P],http://www.hf1z.com/html/10/xingganmeirurenqirenwohexiongdibaibu11P/
潜规则中游刃有余的魔性女[14P],http://www.hf1z.com/html/10/qianguizezhongyourenyouyudemoxingnv14P/
实习女教师与昔日恩师的禁断关系[13P],http://www.hf1z.com/html/10/shixinvjiaoshiyuxirienshidejinduanguanxi13P/
肚皮舞锻炼阴道的美人妻 [16P],http://www.hf1z.com/html/10/dupiwuduanlianyindaodemeirenqi16P/
内射淫乱和服天使[10P],http://www.hf1z.com/html/10/neisheyinluanhefutianshi10P/
清纯妹子那丰满白嫩的巨乳好诱人臀部也好翘 [10P],http://www.hf1z.com/html/10/qingchunmeizinafengmanbainendejuruhaoyourentunbuyehaoqiao10P/
美貌性感姿态浴室湿身诱惑大饱眼福时刻 [10P],http://www.hf1z.com/html/10/meimaoxingganzitaiyushishishenyouhuodabaoyanfushike10P/
人妻女主播念稿子时遭上司咸猪手[22P],http://www.hf1z.com/html/10/renqinvzhuboniangaozishizaoshangsixianzhushou22P/
年轻女病人被变态医生捆绑玩弄至潮吹[10P],http://www.hf1z.com/html/10/nianqingnvbingrenbeibiantaiyishengkunbangwannongzhichaochui10P/
双管爆操饥渴欲女才能满足[10P],http://www.hf1z.com/html/10/shuangguanbaocaojikeyunvcainengmanzu10P/
穿上裸体围裙更激淫的美人妻！粉粉美穴 [21P],http://www.hf1z.com/html/10/chuanshangluotiweiqungengjiyindemeirenqifenfenmeixue21P/
美女小嘴深喉含肉棒那红润的小嘴技术真棒 [20P],http://www.hf1z.com/html/10/meinvxiaozuishenhouhanroubangnahongrundexiaozuijishuzhenbang20P/
当肉感身材的美貌穿着黑丝做爱那是有多激情 [20P],http://www.hf1z.com/html/10/dangrouganshencaidemeimaochuanzhuoheisizuoainashiyouduojiqing20P/
和服少妇被人玩弄奸淫[11P],http://www.hf1z.com/html/10/hefushaofubeirenwannongjianyin11P/
妖娆的美女性感抚媚的身材宅男的女神 [9P],http://www.hf1z.com/html/10/yaoraodemeinvxingganfumeideshencaizhainandenvshen9P/
寂寞少妇的淫乱现场[14P],http://www.hf1z.com/html/10/jimoshaofudeyinluanxianchang14P/
高挑漂亮的熟女性感肉丝美腿粉嫩咪咪诱人的奶头 [10P],http://www.hf1z.com/html/10/gaotiaopiaoliangdeshunvxingganrousimeituifennenmaimaiyourendenaitou10P/
内射粉嫩学生美女[15P],http://www.hf1z.com/html/10/neishefennenxueshengmeinv15P/
波老师勾引处男干她[12P],http://www.hf1z.com/html/10/bolaoshigouyinchunanganta12P/
身着情趣装的小骚妹 [11P],http://www.hf1z.com/html/10/shenzhuoqingquzhuangdexiaosaomei11P/
童颜小妹用身体来抵房租[11P],http://www.hf1z.com/html/10/tongyanxiaomeiyongshentilaidifangzu11P/
超新星降临[13P],http://www.hf1z.com/html/10/chaoxinxingjianglin13P/
放松魅惑緊張的肌肉[10P],http://www.hf1z.com/html/10/fangsongmeihuojinzhangdejirou10P/
打掃房間淫蕩的妹妹[10P],http://www.hf1z.com/html/10/dasaofangjianyinshengdemeimei10P/
爆操身材高挑的美女[16P],http://www.hf1z.com/html/10/baocaoshencaigaotiaodemeinv16P/
那樣溫順蜿蜒的腰姿[14P],http://www.hf1z.com/html/10/nayangwenshunwanyandeyaozi14P/
大美人恋美莲被黑人的大鸡吧干得神魂颠倒[14P],http://www.hf1z.com/html/10/dameirenlianmeilianbeiheirendedajibagandeshenhundiandao14P/
发骚的嫂嫂被我操[15P],http://www.hf1z.com/html/10/fasaodesaosaobeiwocao15P/
大時裝出道的AV巨乳模特[12P],http://www.hf1z.com/html/10/dashixuanchudaodeAVjurumote12P/
风俗洗浴店的新人小妹[11P],http://www.hf1z.com/html/10/fengsuxiyudiandexinrenxiaomei11P/
高跟鞋女郎的激烈性爱[11P],http://www.hf1z.com/html/10/gaogenxienvlangdejiliexingai11P/
立花美涼無修正下碼解禁[12P],http://www.hf1z.com/html/10/lihuameiliangmoxiuzhengxiachujiejin12P/
我的童颜巨乳小情人[12P],http://www.hf1z.com/html/10/wodetongyanjuruxiaoqingren12P/
这衣服爽死了 [15P],http://www.hf1z.com/html/10/zheyifushuangsiliao15P/
美女那白嫩娇身特别嫩的无毛小穴好饱满 [16P],http://www.hf1z.com/html/10/meinvnabainenjiaoshentebienendewumaoxiaoxuehaobaoman16P/
永作亜美M字開脚[13P],http://www.hf1z.com/html/10/yongzuoemeiMzikaijiao13P/
蓝天白云绿草地我和女友打野炮[11P],http://www.hf1z.com/html/10/lantianbaiyunlvcaodiwohenvyoudayepao11P/
诱惑人心的少妇这苗条的身材性感的美腿美乳好美 [10P],http://www.hf1z.com/html/10/youhuorenxindeshaofuzhemiaotiaodeshencaixinggandemeituimeiruhaomei10P/
淫荡女仆妹的秘密侍奉[16P],http://www.hf1z.com/html/10/yindangnvpumeidemimishifeng16P/
妖艳女优的极上痴态[15P],http://www.hf1z.com/html/10/yaoyannvyoudejishangchitai15P/
淫蕩美女每次做爱非要两位男人一起操她才能满足她的慾望 [18P],http://www.hf1z.com/html/10/yinshengmeinvmeicizuoaifeiyaoliangweinanrenyiqicaotacainengmanzutadeyuwang18P/
火辣诱人的美貌洗澡的时候揉搓那大奶翘起那丰满的臀部 [12P],http://www.hf1z.com/html/10/huolayourendemeimaoxizaodeshihouroucuonadanaiqiaoqinafengmandetunbu12P/
日本的女人是不是都是空虛寂寞恨[18P],http://www.hf1z.com/html/10/ribendenvrenshibushidushikongtajimohen18P/
小姨子的圈套，我上当了那就玩尿她2[25P],http://www.hf1z.com/html/10/xiaoyizidequantaowoshangdangliaonajiuwanniaota225P/
清纯和服女子早川裏奈幹炮 [21P],http://www.hf1z.com/html/10/qingchunhefunvzizaochuanxuannaiganpao21P/
H4610-ori149329P,http://www.hf1z.com/html/10/H4610ori149329P/
棒子在沐浴别样的风格13P,http://www.hf1z.com/html/10/bangzizaimuyubieyangdefengge13P/
性感娇妻很风骚16P,http://www.hf1z.com/html/10/xingganjiaoqihenfengsao16P/
日本衫浦则夫紧缚捆绑2013-白黒原稿セレクト第八弾30P,http://www.hf1z.com/html/10/ribenshanpuzefujinfukunbang2013baiheiyuangaodibadan30P/
H4610-ori149428P,http://www.hf1z.com/html/10/H4610ori149428P/
性感尤物14P,http://www.hf1z.com/html/10/xingganyouwu14P/
ModelCollection系列江波りゅう一本道121915_211-00146P,http://www.hf1z.com/html/10/ModelCollectionxiliejiangboyibendao12191521100146P/
井上美咲MisakiInoue85P,http://www.hf1z.com/html/10/jingshangmeixiaoMisakiInoue85P/
H0930-gol164-0244P,http://www.hf1z.com/html/10/H0930gol1640244P/
漂亮的少妇人美咪咪坚挺鲍鱼肥,http://www.hf1z.com/html/10/piaoliangdeshaofurenmeimaimaijiantingbaoyufei/
H4610-ori144225P,http://www.hf1z.com/html/10/H4610ori144225P/
空中的天使195パート1堀口真希一本道122215_21214P,http://www.hf1z.com/html/10/kongzhongdetianshi1951kukouzhenxiyibendao12221521214P/
妹子刮的好干净13P,http://www.hf1z.com/html/10/meiziguadehaoganjing13P/
乖巧的学生妹12P,http://www.hf1z.com/html/10/guaiqiaodexueshengmei12P/
漂亮的少妇身材真好15P,http://www.hf1z.com/html/10/piaoliangdeshaofushencaizhenhao15P/
H4610-ori1442-0234P,http://www.hf1z.com/html/10/H4610ori14420234P/
舔阴蒂爆操大胸少妇爽死她大叫老公我爱你10P,http://www.hf1z.com/html/10/tianyindibaocaodaxiongshaofushuangsitadajiaolaogongwoaini10P/
AIKAと波多野结衣が男をイカセるセメントマッチどちらが本物の痴女なのか10,http://www.hf1z.com/html/10/AIKAboduoyejieyinanbenwuchinv10/
这幺大的天然真乳房11P,http://www.hf1z.com/html/10/zhemidadetianranzhenrufang11P/
长相甜美的大嘴骚妇16P,http://www.hf1z.com/html/10/changxiangtianmeidedazuisaofu16P/
高级豪华肥皂源みいな一本道121615_20826P,http://www.hf1z.com/html/10/gaojihaohuafeizaoyuanyibendao12161520826P/
狼牙棒的自慰器很是刺激呦18P,http://www.hf1z.com/html/10/langyabangdeziweiqihenshicijiyou18P/
双飞10P,http://www.hf1z.com/html/10/shuangfei10P/
诱人10P,http://www.hf1z.com/html/10/youren10P/
AsianbeautyAzumiKinoshitarevealsherhairypussyonthebeach12P,http://www.hf1z.com/html/10/AsianbeautyAzumiKinoshitarevealsherhairypussyonthebeach12P/
牛逼美图四十七28P,http://www.hf1z.com/html/10/niubimeitusishiqi28P/
少妇的BB好似水肿一般好肥厚呀操起绝爽[22P],http://www.hf1z.com/html/10/shaofudeBBhaosishuizhongyibanhaofeihouyacaoqijueshuang22P/
Mywife-00602千叶美月再会篇15P,http://www.hf1z.com/html/10/Mywife00602qianyemeiyuezaihuipian15P/
乳次小穴肥厚，值得一干[17P],http://www.hf1z.com/html/10/rucixiaoxuefeihouzhideyigan17P/
素人生中出肉欲迷惑[16P],http://www.hf1z.com/html/10/surenshengzhongchurouyumihuo16P/
日本的女人是不是都是空虛寂寞恨[18P],http://www.hf1z.com/html/10/ribendenvrenshibushidushikongtajimohen18P/
小姨子的圈套，我上当了那就玩尿她1[40P],http://www.hf1z.com/html/10/xiaoyizidequantaowoshangdangliaonajiuwanniaota140P/
深情口活服務，是個男人都把持不住啊[20P],http://www.hf1z.com/html/10/shenqingkouhuofumaoshigenanrendubachibuzhua20P/
极品性感美貌丰满巨乳15P,http://www.hf1z.com/html/10/jipinxingganmeimaofengmanjuru15P/
相原翼が制服コスプレで、高级中出しソーププレイでご奉仕してくれる10P,http://www.hf1z.com/html/10/xiangyuanyizhifugaojizhongchufengshi10P/
SM调教32P,http://www.hf1z.com/html/10/SMdiaojiao32P/
少妇的厚熟中出性交[30P],http://www.hf1z.com/html/10/shaofudehoushuzhongchuxingjiao30P/
深情款款的表情一定很爽-2[38],http://www.hf1z.com/html/10/shenqingkuankuandebiaoqingyidinghenshuang238/
e714 神村美沙的口爆技术[35P],http://www.hf1z.com/html/10/e714shencunmeishadekoubaojishu35P/
太嫩 群交可惜了[20P],http://www.hf1z.com/html/10/tainenqunjiaokexiliao20P/
日本小妞就是让男人受不了[17P],http://www.hf1z.com/html/10/ribenxiaohaojiushirangnanrenshoubuliao17P/
清纯漂亮刚毕业的小护士就这样被搞高潮了[18P],http://www.hf1z.com/html/10/qingchunpiaolianggangbiyedexiaohushijiuzheyangbeigaogaochaoliao18P/
染发美少女从厨房被干到房间 看那销魂的表情[19P],http://www.hf1z.com/html/10/ranfameishaonvcongchufangbeigandaofangjiankannaxiaohundebiaoqing19P/
身材好好的模特為你服務你會心動嗎[25P],http://www.hf1z.com/html/10/shencaihaohaodemotehanifumaonihuixindongma25P/
小姨子的圈套，我上当了那就玩尿她1[40P],http://www.hf1z.com/html/10/xiaoyizidequantaowoshangdangliaonajiuwanniaota140P/
太嫩 群交可惜了[20P],http://www.hf1z.com/html/10/tainenqunjiaokexiliao20P/
日本人妻帮我口交又被我操[14P],http://www.hf1z.com/html/10/ribenrenqibangwokoujiaoyoubeiwocao14P/
白虎细嫩学妹做体检，居然还有性体验[14P],http://www.hf1z.com/html/10/baihuxinenxuemeizuotijianjuranhuanyouxingtiyan14P/
讓我們去遊玩吧聚集5人比基尼女孩[18P],http://www.hf1z.com/html/10/zhuwomenquyouwanbajuji5renbijininvhai18P/
治愈系淫荡人妻的快乐3P - 吉田美桜[12P],http://www.hf1z.com/html/10/zhiyuxiyindangrenqidekuaile3Pjitianmeiying12P/
扯烂美少妇的丝袜，内射她的小内穴里[14P],http://www.hf1z.com/html/10/chelanmeishaofudesiwaneishetadexiaoneixueli14P/
讓我們去遊玩吧聚集5人比基尼女孩[18P],http://www.hf1z.com/html/10/zhuwomenquyouwanbajuji5renbijininvhai18P/
女儿和大舅哥幸福爱液激情[31P],http://www.hf1z.com/html/10/nverhedajiugexingfuaiyejiqing31P/
漂亮的妹子被集体凌辱[20P],http://www.hf1z.com/html/10/piaoliangdemeizibeijitilingru20P/
野战制服护士妹，3P感觉还不错啊[16P],http://www.hf1z.com/html/10/yezhanzhifuhushimei3Pganjuehuanbucuoa16P/
宾馆激战大屁股白领妹，后进式操起来真爽[14P],http://www.hf1z.com/html/10/binguanjizhandapigubailingmeihoujinshicaoqilaizhenshuang14P/
蹂躏这位女郎，还挺配合大爷[14P],http://www.hf1z.com/html/10/roulinzheweinvlanghuantingpeihedaye14P/
強橫越過S級角色美人-本多成実[17P],http://www.hf1z.com/html/10/jianghengyueguoSjijiaosemeirenbenduochengshi17P/
偷情的家庭少妇SM好好玩她[40P],http://www.hf1z.com/html/10/touqingdejiatingshaofuSMhaohaowanta40P/
白虎小靓妹的菊花插起来可比骚穴紧多了[14P],http://www.hf1z.com/html/10/baihuxiaojingmeidejuhuachaqilaikebisaoxuejinduoliao14P/
续生中出，可爱女友的淫荡礼物 - 堀口真希[10P],http://www.hf1z.com/html/10/xushengzhongchukeainvyoudeyindangliwukukouzhenxi10P/
气质型美女穿上OL工作装让我草[14P],http://www.hf1z.com/html/10/qizhixingmeinvchuanshangOLgongzuozhuangrangwocao14P/
日本清纯漂亮美女在床上3P春光乍泄受不了诱惑[15P],http://www.hf1z.com/html/10/ribenqingchunpiaoliangmeinvzaichuangshang3Pchunguangzhaxieshoubuliaoyouhuo15P/
大屁股少妇操起来真是过瘾[14P],http://www.hf1z.com/html/10/dapigushaofucaoqilaizhenshiguoyin14P/
朋友的女人被我搞得好舒服 好嫩的BB[31P],http://www.hf1z.com/html/10/pengyoudenvrenbeiwogaodehaoshufuhaonendeBB31P/
熟女野外大战氣質很獨特！業務也熟練[17P],http://www.hf1z.com/html/10/shunvyewaidazhanqizhihenduteyemaoyeshujin17P/
骚逼妹子在宾馆被猛男在家狂草，爽到天[10P],http://www.hf1z.com/html/10/saobimeizizaibinguanbeimengnanzaijiakuangcaoshuangdaotian10P/
素人AV面接 瀬戸沙緒里（1）[30P],http://www.hf1z.com/html/10/surenAVmianjielaihushajinli130P/
生姦白領熟女鲍鱼中出[14P],http://www.hf1z.com/html/10/shengjianbailingshunvbaoyuzhongchu14P/
漂亮大眼精致五官的美人坯子[18P],http://www.hf1z.com/html/10/piaoliangdayanjingzhiwuguandemeirenpizi18P/
漂亮少妇的极品口交，真的会让你射哦[20P],http://www.hf1z.com/html/10/piaoliangshaofudejipinkoujiaozhendehuirangnisheo20P/
公交车里的公交车[21P],http://www.hf1z.com/html/10/gongjiaochelidegongjiaoche21P/
肉肉的裸女诱惑你呀,http://www.hf1z.com/html/10/rouroudeluonvyouhuoniya/
亚洲美女14,http://www.hf1z.com/html/10/yazhoumeinv14/
古铜色的肌肤11P,http://www.hf1z.com/html/10/gutongsedejifu11P/
国模私拍大尺度系列－葳可儿,http://www.hf1z.com/html/10/guomosipaidachiduxilieweikeer/
亚洲美女49,http://www.hf1z.com/html/10/yazhoumeinv49/
FeedThePussy12P,http://www.hf1z.com/html/10/FeedThePussy12P/
持ち帰られた泥酔美人妻15P,http://www.hf1z.com/html/10/chiguinizuimeirenqi15P/
又见东热美女津津有味舔阳具,http://www.hf1z.com/html/10/youjiandongremeinvjinjinyouweitianyangju/
费劲力气拿下了一个黑丝淫娃16P,http://www.hf1z.com/html/10/feijinliqinaxialiaoyigeheisiyinwa16P/
日本衫浦则夫紧缚捆绑2012-中河原椿21P,http://www.hf1z.com/html/10/ribenshanpuzefujinfukunbang2012zhongheyuanchun21P/
美女模特丰满翘臀姿势诱人27P,http://www.hf1z.com/html/10/meinvmotefengmanqiaotunzishiyouren27P/
打炮直接内射浓浓的精液流了出来11P,http://www.hf1z.com/html/10/dapaozhijieneishenongnongdejingyeliuliaochulai11P/
日本衫浦则夫紧缚捆绑2012-紫苑50P,http://www.hf1z.com/html/10/ribenshanpuzefujinfukunbang2012ziyuan50P/
想操就深操,http://www.hf1z.com/html/10/xiangcaojiushencao/
淑女在浴室美姿,http://www.hf1z.com/html/10/shunvzaiyushimeizi/
白嫩娃娃，轻轻的揉，轻轻的插,http://www.hf1z.com/html/10/bainenwawaqingqingderouqingqingdecha/
★ANDY作品★美眉去体检却被禽兽医生和病人合伙糟蹋了,http://www.hf1z.com/html/10/ANDYzuopinmeimeiqutijianquebeiqinshouyishenghebingrenhehuozaotaliao/
看着她，想不射都难,http://www.hf1z.com/html/10/kanzhuotaxiangbushedunan/
kikona,http://www.hf1z.com/html/10/kikona/
诱人的极品美女,http://www.hf1z.com/html/10/yourendejipinmeinv/
可爱女孩无毛鲍B,http://www.hf1z.com/html/10/keainvhaiwumaobaoB/
清纯的大胸美女,http://www.hf1z.com/html/10/qingchundedaxiongmeinv/
★ANDY作品★白皙丰腴东方美女的白虎诱惑,http://www.hf1z.com/html/10/ANDYzuopinbaixifengyudongfangmeinvdebaihuyouhuo/
家里温暖的淋浴,http://www.hf1z.com/html/10/jialiwennuandelinyu/
★ANDY作品★可爱甜美妹妹让人流鼻血的风骚写真,http://www.hf1z.com/html/10/ANDYzuopinkeaitianmeimeimeirangrenliubixuedefengsaoxiezhen/
H4610-ori1494-0220P,http://www.hf1z.com/html/10/H4610ori14940220P/
清纯可爱学生妹10P,http://www.hf1z.com/html/10/qingchunkeaixueshengmei10P/
男人这样的体格真的没话说13P,http://www.hf1z.com/html/10/nanrenzheyangdetigezhendemeihuashuo13P/
美女张开双腿享受人间幸福生活15P,http://www.hf1z.com/html/10/meinvzhangkaishuangtuixiangshourenjianxingfushenghuo15P/
性感粉嫩嫩的16P,http://www.hf1z.com/html/10/xingganfennennende16P/
H4610-ori149226P,http://www.hf1z.com/html/10/H4610ori149226P/
满面激情21P,http://www.hf1z.com/html/10/manmianjiqing21P/
三个美女好养眼12P,http://www.hf1z.com/html/10/sangemeinvhaoyangyan12P/
娇小身材的萝莉10P,http://www.hf1z.com/html/10/jiaoxiaoshencaideluoli10P/
いつでも他人の嫁を孕ませO～10P,http://www.hf1z.com/html/10/tarenjiayunO10P/
漂亮的妹子很享受12P,http://www.hf1z.com/html/10/piaoliangdemeizihenxiangshou12P/
渡辺美和MiwaWatanabe之五23P,http://www.hf1z.com/html/10/dufanmeiheMiwaWatanabezhiwu23P/
积年の片思い～かすみ果穂春原未来10P,http://www.hf1z.com/html/10/jinianpiansiguoerchunyuanweilai10P/
皮肤白皙看着就心动10P,http://www.hf1z.com/html/10/pifubaixikanzhuojiuxindong10P/
禁断スカウト软派in大宫业界ご法度デビュ15P,http://www.hf1z.com/html/10/jinduanruanpaiindagongyejiefadu15P/
对性充满美好憧憬的大一学生10P,http://www.hf1z.com/html/10/duixingchongmanmeihaochongjingdedayixuesheng10P/
插进白嫩少妇的小比里感觉暖洋洋[12P],http://www.hf1z.com/html/10/chajinbainenshaofudexiaobiliganjuenuanyangyang12P/
骚娘们技术好还耐操哥几个必须加油啦15P,http://www.hf1z.com/html/10/saoniangmenjishuhaohuannaicaogejigebixujiayoula15P/
酒店和漂亮的小女人XOXO16P,http://www.hf1z.com/html/10/jiudianhepiaoliangdexiaonvrenXOXO16P/
HatsukaKobayashi12P,http://www.hf1z.com/html/10/HatsukaKobayashi12P/
嫩妞诱惑躯体床上挑逗10P,http://www.hf1z.com/html/10/nenhaoyouhuoqutichuangshangtiaodou10P/
为了生计援交的眼镜学妹12P,http://www.hf1z.com/html/10/weiliaoshengjiyuanjiaodeyanjingxuemei12P/
红茶マダムの吐息15P,http://www.hf1z.com/html/10/hongchatuxi15P/
哥哥，我这鲍鱼叫啥名啊,http://www.hf1z.com/html/10/gegewozhebaoyujiaoshaminga/
红木床上大战女优,http://www.hf1z.com/html/10/hongmuchuangshangdazhannvyou/
清純系美人兒西尾かおり[16P],http://www.hf1z.com/html/10/qingjiximeirenerxiwei16P/
漂亮的援交妹被射了一脸，看的我都受不了[13P],http://www.hf1z.com/html/10/piaoliangdeyuanjiaomeibeisheliaoyiliankandewodushoubuliao13P/
性感富婆享受性爱中的高潮[24P],http://www.hf1z.com/html/10/xingganfupoxiangshouxingaizhongdegaochao24P/
淫荡少妇之天高任蝶舞2[39P],http://www.hf1z.com/html/10/yindangshaofuzhitiangaorendiewu239P/
人妻斩，斩得咱家性趣索然2[37P],http://www.hf1z.com/html/10/renqizhanzhandezanjiaxingqusuoran237P/
欲仙欲死的年轻漂亮MM，看一次撸一次[18P],http://www.hf1z.com/html/10/yuxianyusidenianqingpiaoliangMMkanyiciluyici18P/
身姿美態，妖嬈舞步，青絲浪乳，臀波翻滾[10P],http://www.hf1z.com/html/10/shenzimeitaiyaoraowubuqingjianlangrutunbofangun10P/
素人工作旅館的清潔人員-山口彩[16P],http://www.hf1z.com/html/10/surengongzuolvguandeqingjierenyuanshankoucai16P/
乳次嫩B少妇被干得神魂颠倒[17P],http://www.hf1z.com/html/10/rucinenBshaofubeigandeshenhundiandao17P/
天然桃乳エロボディ 後編 音羽レオン[21P],http://www.hf1z.com/html/10/tianrantaoruhoujinyinyu21P/
精美小少妇，带给大家精美的性爱动作[21P],http://www.hf1z.com/html/10/jingmeixiaoshaofudaigeidajiajingmeidexingaidongzuo21P/
皮膚白，B也嫩，可謂人間佳品了[19P],http://www.hf1z.com/html/10/pimobaiByenenkezhengrenjianjiapinliao19P/
SM捆绑内射性感小靓妹，小穴操着太舒服了[14P],http://www.hf1z.com/html/10/SMkunbangneishexingganxiaojingmeixiaoxuecaozhuotaishufuliao14P/
教堂里的淫乱，3P修女还带爆菊[14P],http://www.hf1z.com/html/10/jiaotanglideyinluan3Pxiunvhuandaibaoju14P/
炮友開房,橄欖油幹屁眼 做爱 一边做一边拍照[10P],http://www.hf1z.com/html/10/paoyoukaifangganlanyouganpiyanzuoaiyibianzuoyibianpaizhao10P/
中西美里&amp;中山由香利 4P肛交[22P],http://www.hf1z.com/html/10/zhongximeiliampampzhongshanyouxiangli4Pgangjiao22P/
人妻斩，斩得咱家性趣索然2[37P],http://www.hf1z.com/html/10/renqizhanzhandezanjiaxingqusuoran237P/
人妻斩，斩得咱家性趣索然1[22P],http://www.hf1z.com/html/10/renqizhanzhandezanjiaxingqusuoran122P/
人妻伺候人的功夫不错，都是3P练出来的把[14P],http://www.hf1z.com/html/10/renqisihourendegongfubucuodushi3Plianchulaideba14P/
丝袜爆乳，撕开丝袜尽情享受男人野兽的性欲[19P],http://www.hf1z.com/html/10/siwabaorusikaisiwajinqingxiangshounanrenyeshoudexingyu19P/
如花一般的女人，真的好漂亮[18P],http://www.hf1z.com/html/10/ruhuayibandenvrenzhendehaopiaoliang18P/
欲女10P,http://www.hf1z.com/html/10/yunv10P/
情人11P,http://www.hf1z.com/html/10/qingren11P/
身材好好的模特為你服務你會心動嗎[25P],http://www.hf1z.com/html/10/shencaihaohaodemotehanifumaonihuixindongma25P/
川上奈々美がコスプレをして、ファンのお宅に突撃访问で中出しセックス10P,http://www.hf1z.com/html/10/chuanshangnaimeizhaitujifangwenzhongchu10P/