巨乳碰上大肉棒[22P],http://www.hf1z.com/html/15/jurupengshangdaroubang22P/
美少女~战士[30P],http://www.hf1z.com/html/15/meishaonvzhanshi30P/
高中补习班~我跟老师[29P],http://www.hf1z.com/html/15/gaozhongbuxibanwogenlaoshi29P/
新世纪福音战士同人[15P],http://www.hf1z.com/html/15/xinshijifuyinzhanshitongren15P/
灼熱體液[34P],http://www.hf1z.com/html/15/zhuoretiye34P/
经典哂愛[40P],http://www.hf1z.com/html/15/jingdianshenai40P/
特大号~巨乳妹妹[22P],http://www.hf1z.com/html/15/tedahaojurumeimei22P/
跟同学去开房[30P],http://www.hf1z.com/html/15/gentongxuequkaifang30P/
淫魅人鱼公主[23P],http://www.hf1z.com/html/15/yinmeirenyugongzhu23P/
内射巨乳妹[15P],http://www.hf1z.com/html/15/neishejurumei15P/
校园的青春[39P],http://www.hf1z.com/html/15/xiaoyuandeqingchun39P/
如此色的人[26P],http://www.hf1z.com/html/15/rucisederen26P/
灼熱體液[34P],http://www.hf1z.com/html/15/zhuoretiye34P/
如此色的人[26P],http://www.hf1z.com/html/15/rucisederen26P/
巨乳碰上大肉棒[22P],http://www.hf1z.com/html/15/jurupengshangdaroubang22P/
校园的青春[39P],http://www.hf1z.com/html/15/xiaoyuandeqingchun39P/
特大号~巨乳妹妹[22P],http://www.hf1z.com/html/15/tedahaojurumeimei22P/
你所不知道的護士小姐[32P],http://www.hf1z.com/html/15/nisuobuzhidaodezhushixiaojie32P/
制服巨乳妹[21P],http://www.hf1z.com/html/15/zhifujurumei21P/
俏丽的巨乳女医生[28P],http://www.hf1z.com/html/15/qiaolidejurunvyisheng28P/
可爱制服诱惑[13P],http://www.hf1z.com/html/15/keaizhifuyouhuo13P/
海边的恋人[23P],http://www.hf1z.com/html/15/haibiandelianren23P/
獸穴沸騰 [ゆきやなぎ]魅惑の人妻[19P],http://www.hf1z.com/html/15/shouxuefeitengmeihuorenqi19P/
我的天空[20P],http://www.hf1z.com/html/15/wodetiankong20P/
我喜欢凌辱[26P],http://www.hf1z.com/html/15/woxihuanlingru26P/
星耐的贞操[30P],http://www.hf1z.com/html/15/xingnaidezhencao30P/
限定解除（第一季）[29P],http://www.hf1z.com/html/15/xiandingjiechudiyiji29P/
我和朋友做爱了[17P],http://www.hf1z.com/html/15/wohepengyouzuoailiao17P/
凄美地狱之恋[29P],http://www.hf1z.com/html/15/qimeidiyuzhilian29P/
有这么漂亮的姐姐，难得。难得[35P],http://www.hf1z.com/html/15/youzhemepiaoliangdejiejienandenande35P/
吃精人妻檔案偷情篇[24P],http://www.hf1z.com/html/15/chijingrenqidangantouqingpian24P/
好喝的牛奶咖啡[30P],http://www.hf1z.com/html/15/haohedeniunaikafei30P/
海边姐妹~多P[19P],http://www.hf1z.com/html/15/haibianjiemeiduoP19P/
母女同视一人[26P],http://www.hf1z.com/html/15/munvtongshiyiren26P/
这样的姐弟乱伦，太符合现实了。看完你别鲁管哦[30P],http://www.hf1z.com/html/15/zheyangdejiediluanluntaifuhexianshiliaokanwannibieluguano30P/
性感校花做爱太厉害了[31P],http://www.hf1z.com/html/15/xingganxiaohuazuoaitailihailiao31P/
叶雨[的美好生活32P],http://www.hf1z.com/html/15/yeyudemeihaoshenghuo32P/
办公室里的护士跟医院[24P],http://www.hf1z.com/html/15/bangongshilidehushigenyiyuan24P/
淫荡的岳母[18P],http://www.hf1z.com/html/15/yindangdeyuemu18P/
很精彩：绝对的侵犯[33P],http://www.hf1z.com/html/15/henjingcaijueduideqinfan33P/
女子被侵犯成了奴隶（全彩）[21P],http://www.hf1z.com/html/15/nvzibeiqinfanchengliaonuliquancai21P/
秋子妹妹[28P],http://www.hf1z.com/html/15/qiuzimeimei28P/
亚洲熟女性爱[24P],http://www.hf1z.com/html/15/yazhoushunvxingai24P/
护士女的诱惑[40P],http://www.hf1z.com/html/15/hushinvdeyouhuo40P/
乱伦之英国人的一家人[30P],http://www.hf1z.com/html/15/luanlunzhiyingguorendeyijiaren30P/
幸福的男人[32P],http://www.hf1z.com/html/15/xingfudenanren32P/
学校里有个猛男，专门干女性[30P],http://www.hf1z.com/html/15/xuexiaoliyougemengnanzhuanmengannvxing30P/
变态男子的性行为[31P],http://www.hf1z.com/html/15/biantainanzidexingxingwei31P/
那些被凌辱的女人[31P],http://www.hf1z.com/html/15/naxiebeilingrudenvren31P/
那些淫荡女人值得你回忆[31P],http://www.hf1z.com/html/15/naxieyindangnvrenzhidenihuiyi31P/
不同阶级段的女人[30P],http://www.hf1z.com/html/15/butongjiejiduandenvren30P/
穿越现代的性爱[31P],http://www.hf1z.com/html/15/chuanyuexiandaidexingai31P/
識貨的進(重口味[27P],http://www.hf1z.com/html/15/zhuhuodejinzhongkouwei27P/
大哥，二哥。你们要干嘛[32P],http://www.hf1z.com/html/15/dageergenimenyaoganma32P/
教性補習[40P],http://www.hf1z.com/html/15/jiaoxingxuanli40P/
到处寻找性爱的骚货[21P],http://www.hf1z.com/html/15/daochuxunzhaoxingaidesaohuo21P/
美少女战士帮你脱离处男身[12P],http://www.hf1z.com/html/15/meishaonvzhanshibangnituolichunanshen12P/
女妖吸血鬼，无法控制的武器[29P],http://www.hf1z.com/html/15/nvyaoxixueguiwufakongzhidewuqi29P/
经典3D漫画[32P],http://www.hf1z.com/html/15/jingdian3Dmanhua32P/
奴隶老师[32P],http://www.hf1z.com/html/15/nulilaoshi32P/
威猛的大姐姐[32P],http://www.hf1z.com/html/15/weimengdedajiejie32P/
性龙乱舞[25P],http://www.hf1z.com/html/15/xinglongluanwu25P/
我们学校的校花[20P],http://www.hf1z.com/html/15/womenxuexiaodexiaohua20P/
萝莉的新学期2[14P],http://www.hf1z.com/html/15/luolidexinxueqi214P/
兄妹之情[31P],http://www.hf1z.com/html/15/xiongmeizhiqing31P/
妈妈对我的性教育[21P],http://www.hf1z.com/html/15/mamaduiwodexingjiaoyu21P/
M女コレクション ～二代目調教師[32P],http://www.hf1z.com/html/15/Mnverdaimuzhajiaoshi32P/
学校的厉害男子[21P],http://www.hf1z.com/html/15/xuexiaodelihainanzi21P/
淫交教室[38P],http://www.hf1z.com/html/15/yinjiaojiaoshi38P/
姐姐故意诱惑我[20P],http://www.hf1z.com/html/15/jiejieguyiyouhuowo20P/
士兵的背叛[27P],http://www.hf1z.com/html/15/shibingdebeipan27P/
被囚禁的奴隶[35P],http://www.hf1z.com/html/15/beiqiujindenuli35P/
性爱中的漫画[30P],http://www.hf1z.com/html/15/xingaizhongdemanhua30P/
親密的密室[28P],http://www.hf1z.com/html/15/yinmidemishi28P/
我和老师的性爱[22P],http://www.hf1z.com/html/15/wohelaoshidexingai22P/
赤月~奴隷兎3[29P],http://www.hf1z.com/html/15/chiyuenulichan329P/
顶级让人热血沸腾的3D1[30P],http://www.hf1z.com/html/15/dingjirangrenrexuefeitengde3D130P/
淫愛サイズ(淫愛的尺寸)2[40P],http://www.hf1z.com/html/15/yinaiyinaidechicun240P/
穿越时空的公主2[40P],http://www.hf1z.com/html/15/chuanyueshikongdegongzhu240P/
淫愛サイズ(淫愛的尺寸)3[17P],http://www.hf1z.com/html/15/yinaiyinaidechicun317P/
顶级让人热血沸腾的3D2[19P],http://www.hf1z.com/html/15/dingjirangrenrexuefeitengde3D219P/
淫乱的巨乳1[30P],http://www.hf1z.com/html/15/yinluandejuru130P/
顶级让人热血沸腾的3D3[39P],http://www.hf1z.com/html/15/dingjirangrenrexuefeitengde3D339P/
近親相姦的故事3[21P],http://www.hf1z.com/html/15/jinyinxiangjiandegushi321P/
穿越时空的公主1[40P],http://www.hf1z.com/html/15/chuanyueshikongdegongzhu140P/
家教老师 黑白中字[16P],http://www.hf1z.com/html/15/jiajiaolaoshiheibaizhongzi16P/
嫁 ～義弟に変態性癖を開発された義姉[33P],http://www.hf1z.com/html/15/jialidibiantaixingpikaifalizi33P/
二次黒猫のエロ画像が欲しいです-1(俺妹) 1[40P],http://www.hf1z.com/html/15/erciheimaohuaxiangyu1anmei140P/
精液泥棒2[20P],http://www.hf1z.com/html/15/jingyenibang220P/
穿越时空的公主3[20P],http://www.hf1z.com/html/15/chuanyueshikongdegongzhu320P/
猎艳高手1[40P],http://www.hf1z.com/html/15/lieyangaoshou140P/
淫乱的巨乳2[16P],http://www.hf1z.com/html/15/yinluandejuru216P/
近親相姦的故事2[30P],http://www.hf1z.com/html/15/jinyinxiangjiandegushi230P/
两姐妹全彩高清晰[18P],http://www.hf1z.com/html/15/liangjiemeiquancaigaoqingxi18P/
猎艳高手2[30P],http://www.hf1z.com/html/15/lieyangaoshou230P/
猎艳高手3[29P],http://www.hf1z.com/html/15/lieyangaoshou329P/
邻家的巫女1[30P],http://www.hf1z.com/html/15/linjiadewunv130P/
輝くほとりで (アマガミ)2[20P],http://www.hf1z.com/html/15/hui220P/
輝くほとりで (アマガミ)1[30P],http://www.hf1z.com/html/15/hui130P/
萝莉的新学期1[30P],http://www.hf1z.com/html/15/luolidexinxueqi130P/
艦娘×ニーソ (艦隊これくしょん -艦これ-)[19P],http://www.hf1z.com/html/15/ningniangningduining19P/
邻家的巫女2[13P],http://www.hf1z.com/html/15/linjiadewunv213P/
近親相姦的故事1[40P],http://www.hf1z.com/html/15/jinyinxiangjiandegushi140P/
罗宾酱娜美酱[36P],http://www.hf1z.com/html/15/luobinjiangnameijiang36P/
精液泥棒1[30P],http://www.hf1z.com/html/15/jingyenibang130P/
