少妇户外诱惑的连体黑丝[12P],http://www.hf1z.com/html/16/shaofuhuwaiyouhuodeliantiheisi12P/
文员广场亮丝[14P],http://www.hf1z.com/html/16/wenyuanguangchangliangsi14P/
性感名模游艇奢华写真[23P],http://www.hf1z.com/html/16/xingganmingmoyoutingshehuaxiezhen23P/
长腿女秘书[10P],http://www.hf1z.com/html/16/changtuinvmishu10P/
极品女人,魅力魔鬼[14P],http://www.hf1z.com/html/16/jipinnvrenmeilimogui14P/
搞卫生的文员[12P],http://www.hf1z.com/html/16/gaoweishengdewenyuan12P/
[爱丝]夜幕下的白色情趣丝袜[8P],http://www.hf1z.com/html/16/aisiyemuxiadebaiseqingqusiwa8P/
魔鬼风骚天使居家诱惑[10P],http://www.hf1z.com/html/16/moguifengsaotianshijujiayouhuo10P/
香艳爆乳翘臀美女诱惑[12P],http://www.hf1z.com/html/16/xiangyanbaoruqiaotunmeinvyouhuo12P/
好漂亮性感的黑丝模特[11P],http://www.hf1z.com/html/16/haopiaoliangxinggandeheisimote11P/
金色内衣[10P],http://www.hf1z.com/html/16/jinseneiyi10P/
相当气质的美女[13P],http://www.hf1z.com/html/16/xiangdangqizhidemeinv13P/
水手服妹妹很养眼[17P],http://www.hf1z.com/html/16/shuishoufumeimeihenyangyan17P/
牛仔美女的狂野[11P],http://www.hf1z.com/html/16/niuzimeinvdekuangye11P/
全黑系列[12P],http://www.hf1z.com/html/16/quanheixilie12P/
混血冷艳美女[10P],http://www.hf1z.com/html/16/hunxuelengyanmeinv10P/
丰乳肥臀[10P],http://www.hf1z.com/html/16/fengrufeitun10P/
超级长腿[10P],http://www.hf1z.com/html/16/chaojichangtui10P/
夜总会上的美女[14P],http://www.hf1z.com/html/16/yezonghuishangdemeinv14P/
美臀花园[11P],http://www.hf1z.com/html/16/meitunhuayuan11P/
白丝长腿[10P],http://www.hf1z.com/html/16/baisichangtui10P/
红衣美女销魂姿势极致诱惑[15P],http://www.hf1z.com/html/16/hongyimeinvxiaohunzishijizhiyouhuo15P/
火辣辣的激情[9P],http://www.hf1z.com/html/16/huolaladejiqing9P/
丝袜女神爆乳性感大图[16P],http://www.hf1z.com/html/16/siwanvshenbaoruxinggandatu16P/
靓丽内衣小妹[15P],http://www.hf1z.com/html/16/jinglineiyixiaomei15P/
黑丝美女极尽诱惑[13P],http://www.hf1z.com/html/16/heisimeinvjijinyouhuo13P/
长腿丝袜女人丁字裤劈腿[12P],http://www.hf1z.com/html/16/changtuisiwanvrendingzikupitui12P/
甜蜜佳丽 极限美腿[15P],http://www.hf1z.com/html/16/tianmijialijixianmeitui15P/
美女穿情趣丝袜[14P],http://www.hf1z.com/html/16/meinvchuanqingqusiwa14P/
美女与爱车自拍靓照[12P],http://www.hf1z.com/html/16/meinvyuaichezipaijingzhao12P/
