甜诗诗美润大波性感美女[16P],http://www.hf1z.com/html/12/tianshishimeirundaboxingganmeinv16P/
若隐若现的美臀，让我射了3次[11P],http://www.hf1z.com/html/12/ruoyinruoxiandemeitunrangwosheliao3ci11P/
性感乖巧模特梦梦很有吸引力[11P],http://www.hf1z.com/html/12/xingganguaiqiaomotemengmenghenyouxiyinli11P/
美少女伊雨蔓可爱女神 已撸[28P],http://www.hf1z.com/html/12/meishaonvyiyumankeainvshenyilu28P/
白雪肌肤美女总喜欢黑[14P],http://www.hf1z.com/html/12/baixuejifumeinvzongxihuanhei14P/
卷发美女秀长腿身材[13P],http://www.hf1z.com/html/12/juanfameinvxiuchangtuishencai13P/
紫衣黑丝美腿美女[10P],http://www.hf1z.com/html/12/ziyiheisimeituimeinv10P/
粉粉小公主发美腿很Sex的感觉[17P],http://www.hf1z.com/html/12/fenfenxiaogongzhufameituihenSexdeganjue17P/
俏皮少女美腿相对的端庄[10P],http://www.hf1z.com/html/12/qiaopishaonvmeituixiangduideduanzhuang10P/
若隐若现的美臀，让我射了3次[11P],http://www.hf1z.com/html/12/ruoyinruoxiandemeitunrangwosheliao3ci11P/
身材高挑的美女大秀肉丝黑丝[12P],http://www.hf1z.com/html/12/shencaigaotiaodemeinvdaxiurousiheisi12P/
思玉制服与网袜的完美结合不惹火么[11P],http://www.hf1z.com/html/12/siyuzhifuyuwangwadewanmeijieheburehuome11P/
妩媚风骚的网络美女秀丝腿[11P],http://www.hf1z.com/html/12/wumeifengsaodewangluomeinvxiusitui11P/
黑色丝袜小妹美腿写真俏皮可爱[12P],http://www.hf1z.com/html/12/heisesiwaxiaomeimeituixiezhenqiaopikeai12P/
美腿小姸妃有感觉有腔调[20P],http://www.hf1z.com/html/12/meituixiaoyanfeiyouganjueyouqiangdiao20P/
妩媚动人的日系时尚嫩模美女街拍美腿[16P],http://www.hf1z.com/html/12/wumeidongrenderixishishangnenmomeinvjiepaimeitui16P/
紫衣黑丝美腿美女[10P],http://www.hf1z.com/html/12/ziyiheisimeituimeinv10P/
思玉制服与网袜的完美结合不惹火么[11P],http://www.hf1z.com/html/12/siyuzhifuyuwangwadewanmeijieheburehuome11P/
黑色丝袜小妹美腿写真俏皮可爱[12P],http://www.hf1z.com/html/12/heisesiwaxiaomeimeituixiezhenqiaopikeai12P/
妩媚迷人的红衣网袜女孩[10P],http://www.hf1z.com/html/12/wumeimirendehongyiwangwanvhai10P/
甜诗诗美润大波性感美女[16P],http://www.hf1z.com/html/12/tianshishimeirundaboxingganmeinv16P/
外景北藝大小米黑丝秀美腿[19P],http://www.hf1z.com/html/12/waijingbeishudaxiaomiheisixiumeitui19P/
若隐若现的美臀，让我射了3次[11P],http://www.hf1z.com/html/12/ruoyinruoxiandemeitunrangwosheliao3ci11P/
好美的奶子修长美腿诱人的黑丝前凸后翘若隐若现的内内，让人想犯罪[25P],http://www.hf1z.com/html/12/haomeidenaizixiuchangmeituiyourendeheisiqiantuhouqiaoruoyinruoxiandeneineirangrenxiangfanzui25P/
可爱清纯的美腿小美女[12P],http://www.hf1z.com/html/12/keaiqingchundemeituixiaomeinv12P/
南宁站饭饭美腿街拍别有一番情调[10P],http://www.hf1z.com/html/12/nanningzhanfanfanmeituijiepaibieyouyifanqingdiao10P/
Avy恬小鱼阳明山网袜照修长美感[13P],http://www.hf1z.com/html/12/Avytianxiaoyuyangmingshanwangwazhaoxiuchangmeigan13P/
布丁MM黑丝美腿很漂亮[15P],http://www.hf1z.com/html/12/budingMMheisimeituihenpiaoliang15P/
难得一见的海边黑丝秀[13P],http://www.hf1z.com/html/12/nandeyijiandehaibianheisixiu13P/
大学妹妹爱穿新潮装[23P],http://www.hf1z.com/html/12/daxuemeimeiaichuanxinchaozhuang23P/
粉粉小公主发美腿很Sex的感觉[17P],http://www.hf1z.com/html/12/fenfenxiaogongzhufameituihenSexdeganjue17P/
性感乖巧模特梦梦很有吸引力[11P],http://www.hf1z.com/html/12/xingganguaiqiaomotemengmenghenyouxiyinli11P/
美腿小姸妃有感觉有腔调[20P],http://www.hf1z.com/html/12/meituixiaoyanfeiyouganjueyouqiangdiao20P/
难得一见的海边黑丝秀[13P],http://www.hf1z.com/html/12/nandeyijiandehaibianheisixiu13P/
妩媚动人的日系时尚嫩模美女街拍美腿[16P],http://www.hf1z.com/html/12/wumeidongrenderixishishangnenmomeinvjiepaimeitui16P/
辻井美香 性感诱惑2[40P],http://www.hf1z.com/html/12/shijingmeixiangxingganyouhuo240P/
美腿小姸妃有感觉有腔调[20P],http://www.hf1z.com/html/12/meituixiaoyanfeiyouganjueyouqiangdiao20P/
红粉年华的岁月青春漂亮的MM[14P],http://www.hf1z.com/html/12/hongfennianhuadesuiyueqingchunpiaoliangdeMM14P/
短发女神 内内刺激你神经1[30P],http://www.hf1z.com/html/12/duanfanvshenneineicijinishenjing130P/
很甜美的黑丝小女孩写真[10P],http://www.hf1z.com/html/12/hentianmeideheisixiaonvhaixiezhen10P/
我的清纯性感女朋友[13P],http://www.hf1z.com/html/12/wodeqingchunxinggannvpengyou13P/
大街上具有明星气质的黑丝mm[10P],http://www.hf1z.com/html/12/dajieshangjuyoumingxingqizhideheisimm10P/
太嫩了，看了真的让人流口水[15P],http://www.hf1z.com/html/12/tainenliaokanliaozhenderangrenliukoushui15P/
大胆美臀宝贝翘而迷人[14P],http://www.hf1z.com/html/12/dadanmeitunbaobeiqiaoermiren14P/
推女郎- 金宥熙女神 刺激你的神经[34P],http://www.hf1z.com/html/12/tuinvlangjinyouxinvshencijinideshenjing34P/
花园里可爱美女的梦幻紫色丝袜[13P],http://www.hf1z.com/html/12/huayuanlikeaimeinvdemenghuanzisesiwa13P/
推女郎- 金宥熙女神 刺激你的神经[34P],http://www.hf1z.com/html/12/tuinvlangjinyouxinvshencijinideshenjing34P/
红粉年华的岁月青春漂亮的MM[14P],http://www.hf1z.com/html/12/hongfennianhuadesuiyueqingchunpiaoliangdeMM14P/
上海艺校美女室内蕾丝内衣秀[11P],http://www.hf1z.com/html/12/shanghaiyixiaomeinvshineileisineiyixiu11P/
辻井美香 性感诱惑2[40P],http://www.hf1z.com/html/12/shijingmeixiangxingganyouhuo240P/
辻井美香 性感诱惑4[22P],http://www.hf1z.com/html/12/shijingmeixiangxingganyouhuo422P/
如此纤细修长的美腿不知要让多少人流口水[15P],http://www.hf1z.com/html/12/rucixianxixiuchangdemeituibuzhiyaorangduoshaorenliukoushui15P/
黑丝高跟学生装扮的纳塔莉亚Natalia-2[20P],http://www.hf1z.com/html/12/heisigaogenxueshengzhuangbandenataliyaNatalia220P/
美女谢忱倬性感妖娆-1[40P],http://www.hf1z.com/html/12/meinvxiechenzhuoxingganyaorao140P/
受不了了，哥看射了！[14P],http://www.hf1z.com/html/12/shoubuliaoliaogekansheliao14P/
受不鸟的实在太诱惑了射了满地2[31P],http://www.hf1z.com/html/12/shoubuniaodeshizaitaiyouhuoliaosheliaomandi231P/
短发女神 内内刺激你神经2[20P],http://www.hf1z.com/html/12/duanfanvshenneineicijinishenjing220P/
女教师你这是误人子弟你知道吗[18P],http://www.hf1z.com/html/12/nvjiaoshinizheshiwurenzidinizhidaoma18P/
Jellyfish 致命诱惑[20P],http://www.hf1z.com/html/12/Jellyfishzhimingyouhuo20P/
漂亮的佐藤陽南私服写真-1[30P],http://www.hf1z.com/html/12/piaoliangdezuotengyangnansifuxiezhen130P/
坂井伊織 性感黑丝诱惑[13P],http://www.hf1z.com/html/12/banjingyijunxingganheisiyouhuo13P/
高跟，丝袜，美腿[11P],http://www.hf1z.com/html/12/gaogensiwameitui11P/
实在太诱惑了人间尤物看第一长就硬了想干她一炮1[16P],http://www.hf1z.com/html/12/shizaitaiyouhuoliaorenjianyouwukandiyichangjiuyingliaoxianggantayipao116P/
辻井美香 性感诱惑3[30P],http://www.hf1z.com/html/12/shijingmeixiangxingganyouhuo330P/
吉田ゆの看護学生ア入学！[19P],http://www.hf1z.com/html/12/jitiankanzhuxueshengruxue19P/
只有黑丝美腿让你更幻想[26P],http://www.hf1z.com/html/12/zhiyouheisimeituirangnigenghuanxiang26P/
面容娇好的女孩水谷さくら美腿写真-1[40P],http://www.hf1z.com/html/12/mianrongjiaohaodenvhaishuigumeituixiezhen140P/
辻井美香 性感诱惑3[30P],http://www.hf1z.com/html/12/shijingmeixiangxingganyouhuo330P/
魔鬼身材雪白的皮肤[20P],http://www.hf1z.com/html/12/moguishencaixuebaidepifu20P/
乳次诱惑美女真想干死她[11P],http://www.hf1z.com/html/12/ruciyouhuomeinvzhenxianggansita11P/
短裙少女藤崎ゆえ美丽动人[19P],http://www.hf1z.com/html/12/duanqunshaonvtengqimeilidongren19P/
辻井美香 性感诱惑1[40P],http://www.hf1z.com/html/12/shijingmeixiangxingganyouhuo140P/
漂亮的佐藤陽南私服写真-2[22P],http://www.hf1z.com/html/12/piaoliangdezuotengyangnansifuxiezhen222P/
性感模特身材仙女般的面孔[17P],http://www.hf1z.com/html/12/xingganmoteshencaixiannvbandemiankong17P/
乳次诱惑的身材 你能不射吗1[23P],http://www.hf1z.com/html/12/ruciyouhuodeshencaininengbushema123P/
美女谢忱倬性感妖娆-2[40P],http://www.hf1z.com/html/12/meinvxiechenzhuoxingganyaorao240P/
花园里可爱美女的梦幻紫色丝袜[13P],http://www.hf1z.com/html/12/huayuanlikeaimeinvdemenghuanzisesiwa13P/
运动的女人身材就是不一样，那臀部真翘[20P],http://www.hf1z.com/html/12/yundongdenvrenshencaijiushibuyiyangnatunbuzhenqiao20P/
街拍丝袜青春阳光高挑美女MM[17P],http://www.hf1z.com/html/12/jiepaisiwaqingchunyangguanggaotiaomeinvMM17P/
超长美腿能带走你的心魂[12P],http://www.hf1z.com/html/12/chaochangmeituinengdaizounidexinhun12P/
超长美腿能带走你的心魂[12P],http://www.hf1z.com/html/12/chaochangmeituinengdaizounidexinhun12P/
粉色小白兔清纯可爱小美女性感丝腿[12P],http://www.hf1z.com/html/12/fensexiaobaituqingchunkeaixiaomeinvxinggansitui12P/
身材一级棒的美女只穿三点式[13P],http://www.hf1z.com/html/12/shencaiyijibangdemeinvzhichuansandianshi13P/
清纯气质女神 已撸1[24P],http://www.hf1z.com/html/12/qingchunqizhinvshenyilu124P/
花样年华美少女肉丝高跟美腿秀[12P],http://www.hf1z.com/html/12/huayangnianhuameishaonvrousigaogenmeituixiu12P/
红裙火辣内衣OL美女斯泰西Stacey-1[40P],http://www.hf1z.com/html/12/hongqunhuolaneiyiOLmeinvsitaixiStacey140P/
私房长腿西洋妞黑色大奶的诱惑[32P],http://www.hf1z.com/html/12/sifangchangtuixiyanghaoheisedanaideyouhuo32P/
典雅气质清纯女孩[16P],http://www.hf1z.com/html/12/dianyaqizhiqingchunnvhai16P/
性感气质美女办公室制服[13P],http://www.hf1z.com/html/12/xingganqizhimeinvbangongshizhifu13P/
短裙羞涩小美女外拍裸腿[15P],http://www.hf1z.com/html/12/duanqunxiusexiaomeinvwaipailuotui15P/
街拍丝袜青春阳光高挑美女MM[17P],http://www.hf1z.com/html/12/jiepaisiwaqingchunyangguanggaotiaomeinvMM17P/
如月蓝色性感诱惑[38P],http://www.hf1z.com/html/12/ruyuelansexingganyouhuo38P/
大胸美女的各种不同类型新潮装[18P],http://www.hf1z.com/html/12/daxiongmeinvdegezhongbutongleixingxinchaozhuang18P/
红裙火辣内衣OL美女斯泰西Stacey-2[33P],http://www.hf1z.com/html/12/hongqunhuolaneiyiOLmeinvsitaixiStacey233P/
河边抓拍到的长靴黑丝靓丽的美妹[11P],http://www.hf1z.com/html/12/hebianzhuapaidaodechangxueheisijinglidemeimei11P/
推女郎 李丽莎 完美女神刺激你的神经[28P],http://www.hf1z.com/html/12/tuinvlanglilishawanmeinvshencijinideshenjing28P/
私房长腿西洋妞黑色大奶的诱惑[32P],http://www.hf1z.com/html/12/sifangchangtuixiyanghaoheisedanaideyouhuo32P/
花样年华美少女肉丝高跟美腿秀[12P],http://www.hf1z.com/html/12/huayangnianhuameishaonvrousigaogenmeituixiu12P/
性感气质美女办公室制服[13P],http://www.hf1z.com/html/12/xingganqizhimeinvbangongshizhifu13P/
美女谢忱倬性感妖娆-2[40P],http://www.hf1z.com/html/12/meinvxiechenzhuoxingganyaorao240P/
上班也不忘诱惑老板的漂亮黑丝女秘书[14P],http://www.hf1z.com/html/12/shangbanyebuwangyouhuolaobandepiaoliangheisinvmishu14P/
若隐若现的黑森林 诱人的黑丝让人兴奋不已[19P],http://www.hf1z.com/html/12/ruoyinruoxiandeheisenlinyourendeheisirangrenxingfenbuyi19P/
若隐若现的丁字裤令人血脉膨胀[16P],http://www.hf1z.com/html/12/ruoyinruoxiandedingzikulingrenxuemaipengzhang16P/
児岛奈央[8][30P],http://www.hf1z.com/html/12/erdaonaiyang830P/
[亚洲]美腿美丝大合集228[150P],http://www.hf1z.com/html/12/yazhoumeituimeisidaheji228150P/
亮丽腿模——少女篇[51P],http://www.hf1z.com/html/12/lianglituimoshaonvpian51P/
喜欢穿厚丝袜的小欲女[15P],http://www.hf1z.com/html/12/xihuanchuanhousiwadexiaoyunv15P/
[D-CH]滝沢砂菜[6][30P],http://www.hf1z.com/html/12/DCHlongzeshacai630P/
[水印][Beautyleg] No.1037 Lynn[52P],http://www.hf1z.com/html/12/shuiyinBeautylegNo1037Lynn52P/
腿模人漂亮身材好肉丝腿太诱惑了[12P],http://www.hf1z.com/html/12/tuimorenpiaoliangshencaihaorousituitaiyouhuoliao12P/
丽柜]2015-01-09时尚写真Model语寒56P上[28P],http://www.hf1z.com/html/12/ligui20150109shishangxiezhenModelyuhan56Pshang28P/
诱人心魂的长腿黑丝美女翘臀诱惑[12P],http://www.hf1z.com/html/12/yourenxinhundechangtuiheisimeinvqiaotunyouhuo12P/
珠宝气十足的富家女[31P],http://www.hf1z.com/html/12/zhubaoqishizudefujianv31P/
[水印][Beautyleg] No.1043 Lynn[52P],http://www.hf1z.com/html/12/shuiyinBeautylegNo1043Lynn52P/
[水印][Beautyleg] No.1032 Miki[79P],http://www.hf1z.com/html/12/shuiyinBeautylegNo1032Miki79P/
苗条身材妹子性感白嫩大长腿[15P],http://www.hf1z.com/html/12/miaotiaoshencaimeizixingganbainendachangtui15P/
女神那超薄肉丝长腿细长性感诱人[15P],http://www.hf1z.com/html/12/nvshennachaobaorousichangtuixichangxingganyouren15P/
可爱娇人丝袜美娇妻Vanessa[18P],http://www.hf1z.com/html/12/keaijiaorensiwameijiaoqiVanessa18P/
児岛奈央[1][30P],http://www.hf1z.com/html/12/erdaonaiyang130P/
児岛奈央[5][30P],http://www.hf1z.com/html/12/erdaonaiyang530P/
[水印][Beautyleg] No.1044 Stephy[60P],http://www.hf1z.com/html/12/shuiyinBeautylegNo1044Stephy60P/
不只是吸引-职业装下的性感黑丝[18P],http://www.hf1z.com/html/12/buzhishixiyinzhiyezhuangxiadexingganheisi18P/
贴身性感齐逼短裙包臀超薄肉丝腿真美[16P],http://www.hf1z.com/html/12/tieshenxingganqibiduanqunbaotunchaobaorousituizhenmei16P/
[水印][Beautyleg] No.1047 Chu[48P],http://www.hf1z.com/html/12/shuiyinBeautylegNo1047Chu48P/
[ROSI]No.1097 匿名写真[41P],http://www.hf1z.com/html/12/ROSINo1097nimingxiezhen41P/
让你心动不已的极品细长白嫩肉丝腿美女[16P],http://www.hf1z.com/html/12/rangnixindongbuyidejipinxichangbainenrousituimeinv16P/
[RQ-Star]NO.00973 OL 永瀬あや[5][30P],http://www.hf1z.com/html/12/RQStarNO00973OLyonglai530P/
いしいめ[4][30P],http://www.hf1z.com/html/12/430P/
厨房里娇艳美女波契亚Porchia-3[30P],http://www.hf1z.com/html/12/chufanglijiaoyanmeinvboqiyaPorchia330P/
百变美女 性感的黑丝 受不鸟了[16P],http://www.hf1z.com/html/12/baibianmeinvxinggandeheisishoubuniaoliao16P/
外籍各类美女丝袜性感美腿的诱惑1[30P],http://www.hf1z.com/html/12/waijigeleimeinvsiwaxingganmeituideyouhuo130P/
浴缸里如此尤物 真让人想犯罪[18P],http://www.hf1z.com/html/12/yugangliruciyouwuzhenrangrenxiangfanzui18P/
人间极品的翘臀美腿[32P],http://www.hf1z.com/html/12/renjianjipindeqiaotunmeitui32P/
若隐若现的睡衣制服，男人看了都受不了[11P],http://www.hf1z.com/html/12/ruoyinruoxiandeshuiyizhifunanrenkanliaodushoubuliao11P/
松谷裕美性感写真3[29P],http://www.hf1z.com/html/12/songguyumeixingganxiezhen329P/
美女的腿真的非常的漂亮[29P],http://www.hf1z.com/html/12/meinvdetuizhendefeichangdepiaoliang29P/
丝袜，美腿，性感尤物让我射了[20P],http://www.hf1z.com/html/12/siwameituixingganyouwurangwosheliao20P/
沙发上黄色内衣的尤物荒木よし穂-2[40P],http://www.hf1z.com/html/12/shafashanghuangseneiyideyouwuhuangmuer240P/
白色天使的极度诱惑[20P],http://www.hf1z.com/html/12/baisetianshidejiduyouhuo20P/
丝袜高跟的情趣诱惑，看完真的受不了[14P],http://www.hf1z.com/html/12/siwagaogendeqingquyouhuokanwanzhendeshoubuliao14P/
大眼睛性感嘴唇，鸡冻无比[21P],http://www.hf1z.com/html/12/dayanjingxingganzuichunjidongwubi21P/
厨房里娇艳美女波契亚Porchia-2[38P],http://www.hf1z.com/html/12/chufanglijiaoyanmeinvboqiyaPorchia238P/
苗条身材内衣模特真让人吐血[40P],http://www.hf1z.com/html/12/miaotiaoshencaineiyimotezhenrangrentuxue40P/
看到杀伤力这么强大的臀和身材 我射了[25P],http://www.hf1z.com/html/12/kandaoshashanglizhemeqiangdadetunheshencaiwosheliao25P/
摄影独特的泳装写真[11P],http://www.hf1z.com/html/12/sheyingdutedeyongzhuangxiezhen11P/
厨房里娇艳美女波契亚Porchia-1[40P],http://www.hf1z.com/html/12/chufanglijiaoyanmeinvboqiyaPorchia140P/
白絲強烈的诱惑 让我撸了N次[17P],http://www.hf1z.com/html/12/baijianjiangliedeyouhuorangwoluliaoNci17P/
若隐若现的美臀，让我射了3次[11P],http://www.hf1z.com/html/12/ruoyinruoxiandemeitunrangwosheliao3ci11P/
白丝美腿真是完美[13P],http://www.hf1z.com/html/12/baisimeituizhenshiwanmei13P/
诱惑性感白丝包你射[20P],http://www.hf1z.com/html/12/youhuoxingganbaisibaonishe20P/
沙发上黄色内衣的尤物荒木よし穂-1[40P],http://www.hf1z.com/html/12/shafashanghuangseneiyideyouwuhuangmuer140P/
马上让你翘的丝袜模特[13P],http://www.hf1z.com/html/12/mashangrangniqiaodesiwamote13P/
若隐若现的黑森林 诱人的肉丝让人兴奋不已[27P],http://www.hf1z.com/html/12/ruoyinruoxiandeheisenlinyourenderousirangrenxingfenbuyi27P/
气质迷人美女身材苗条洁白丝袜美腿真性感[11P],http://www.hf1z.com/html/12/qizhimirenmeinvshencaimiaotiaojiebaisiwameituizhenxinggan11P/
骨感年轻正妹黑丝美腿 看得我气血直充海绵体 [15P],http://www.hf1z.com/html/12/gugannianqingzhengmeiheisimeituikandewoqixuezhichonghaimianti15P/
私房美腿女郎[44P],http://www.hf1z.com/html/12/sifangmeituinvlang44P/
甜美少女私房秀性感曼妙身姿[26P],http://www.hf1z.com/html/12/tianmeishaonvsifangxiuxingganmanmiaoshenzi26P/
床上的火辣骚女演绎不一样的性感姿态[14P],http://www.hf1z.com/html/12/chuangshangdehuolasaonvyanyibuyiyangdexingganzitai14P/
[丽柜]2015-01-05网络丽人Model 语寒[37P],http://www.hf1z.com/html/12/ligui20150105wangluolirenModelyuhan37P/
[亚洲]美腿美丝大合集226[144P],http://www.hf1z.com/html/12/yazhoumeituimeisidaheji226144P/
妖娆性感贴身包臀短裙美女丝袜美腿[11P],http://www.hf1z.com/html/12/yaoraoxinggantieshenbaotunduanqunmeinvsiwameitui11P/
迷人心魂的美女白嫩肉丝腿丰满翘臀[12P],http://www.hf1z.com/html/12/mirenxinhundemeinvbainenrousituifengmanqiaotun12P/
児岛奈央[4][30P],http://www.hf1z.com/html/12/erdaonaiyang430P/
女医生的制服诱惑 [48P],http://www.hf1z.com/html/12/nvyishengdezhifuyouhuo48P/
美腿丝袜 [20P],http://www.hf1z.com/html/12/meituisiwa20P/
高挑身材美女白嫩肉丝美腿真长[13P],http://www.hf1z.com/html/12/gaotiaoshencaimeinvbainenrousimeituizhenchang13P/
女神的巨大美胸性感迷人[25P],http://www.hf1z.com/html/12/nvshendejudameixiongxingganmiren25P/
好漂亮的美女那细长白嫩肉丝腿真迷人[13P],http://www.hf1z.com/html/12/haopiaoliangdemeinvnaxichangbainenrousituizhenmiren13P/
喜欢黑丝的福利美女一身黑丝诱惑翘臀美腿[15P],http://www.hf1z.com/html/12/xihuanheisidefulimeinvyishenheisiyouhuoqiaotunmeitui15P/
桂希ゆに[6][30P],http://www.hf1z.com/html/12/guixi630P/
被拍婚纱照被人干了[14P],http://www.hf1z.com/html/12/beipaihunshazhaobeirenganliao14P/
高级俱乐部里的风骚风俗娘[10P],http://www.hf1z.com/html/12/gaojijulebulidefengsaofengsuniang10P/
爆操天下第一翘臀美穴[18P],http://www.hf1z.com/html/12/baocaotianxiadiyiqiaotunmeixue18P/
富人们的淫乱换妻聚会[11P],http://www.hf1z.com/html/12/furenmendeyinluanhuanqijuhui11P/
短发妹妹在绿草地上大胆交配中出[12P],http://www.hf1z.com/html/12/duanfameimeizailvcaodishangdadanjiaopeizhongchu12P/
海浪哗哗响岸上啪啪响[22P],http://www.hf1z.com/html/12/hailanghuahuaxianganshangpapaxiang22P/
多年不见女校花被我给XO了[27P],http://www.hf1z.com/html/12/duonianbujiannvxiaohuabeiwogeiXOliao27P/
爆操和服白嫩极品性感女神少妇[36P],http://www.hf1z.com/html/12/baocaohefubainenjipinxinggannvshenshaofu36P/
极品诱人的齐逼短裙白嫩肉丝美女[15P],http://www.hf1z.com/html/12/jipinyourendeqibiduanqunbainenrousimeinv15P/
腿模这双性感翘臀丝袜美腿让你看到口水直流[15P],http://www.hf1z.com/html/12/tuimozheshuangxingganqiaotunsiwameituirangnikandaokoushuizhiliu15P/
[RQ-STAR]NO.00004 Airi Nagasaku 永作あいり–2[34P],http://www.hf1z.com/html/12/RQSTARNO00004AiriNagasakuyongzuo234P/
No.543 Evenni[下][28P],http://www.hf1z.com/html/12/No543Evennixia28P/
[水印][Beautyleg] No.1053 Sara[52P],http://www.hf1z.com/html/12/shuiyinBeautylegNo1053Sara52P/
[亚洲]极品性感咖啡丝袜美腿翘臀很诱惑啊[12P],http://www.hf1z.com/html/12/yazhoujipinxinggankafeisiwameituiqiaotunhenyouhuoa12P/
[亚洲][绝对领域]白丝+黑丝[13P],http://www.hf1z.com/html/12/yazhoujueduilingyubaisiheisi13P/
[亚洲]美腿美丝大合集234[136P],http://www.hf1z.com/html/12/yazhoumeituimeisidaheji234136P/
[亚洲]美腿美丝大合集233[147P],http://www.hf1z.com/html/12/yazhoumeituimeisidaheji233147P/
いしいめ[8][30P],http://www.hf1z.com/html/12/830P/
女神诱人内衣秀迷人吊带黑丝长腿诱惑[15P],http://www.hf1z.com/html/12/nvshenyourenneiyixiumirendiaodaiheisichangtuiyouhuo15P/
Alie 高冷气质 [24P],http://www.hf1z.com/html/12/Aliegaolengqizhi24P/
激情喷血诱惑美女兔女郎制服性感黑丝腿[11P],http://www.hf1z.com/html/12/jiqingpenxueyouhuomeinvtunvlangzhifuxingganheisitui11P/
Lucy 俏丽短裙 [22P],http://www.hf1z.com/html/12/Lucyqiaoliduanqun22P/
女神这双细长性感黑丝长腿太诱惑了[14P],http://www.hf1z.com/html/12/nvshenzheshuangxichangxingganheisichangtuitaiyouhuoliao14P/
[ROSI]No.1065 匿名写真[26P],http://www.hf1z.com/html/12/ROSINo1065nimingxiezhen26P/
[Beautyleg]No.536 Stacy-1[30P],http://www.hf1z.com/html/12/BeautylegNo536Stacy130P/
美女车模SHOW与SHOW GIRLS-008-10[5][60P],http://www.hf1z.com/html/12/meinvchemoSHOWyuSHOWGIRLS00810560P/
喷血诱惑极品腿模性感修长肉丝腿[14P],http://www.hf1z.com/html/12/penxueyouhuojipintuimoxingganxiuchangrousitui14P/
混血美女Model的致命美腿诱惑[13P],http://www.hf1z.com/html/12/hunxuemeinvModeldezhimingmeituiyouhuo13P/
美女黑网黑丝美腿秀[50P],http://www.hf1z.com/html/12/meinvheiwangheisimeituixiu50P/
妖娆性感美女各种翘臀诱惑那美腿真长[11P],http://www.hf1z.com/html/12/yaoraoxingganmeinvgezhongqiaotunyouhuonameituizhenchang11P/
大学生宿舍拍丝袜[20P],http://www.hf1z.com/html/12/daxueshengsushepaisiwa20P/
児岛奈央[6][30P],http://www.hf1z.com/html/12/erdaonaiyang630P/
豹纹女郎[37P],http://www.hf1z.com/html/12/baowennvlang37P/
好诱人的白色丝袜长腿[15P],http://www.hf1z.com/html/12/haoyourendebaisesiwachangtui15P/
让你神魂颠倒的修长丝袜美腿[15P],http://www.hf1z.com/html/12/rangnishenhundiandaodexiuchangsiwameitui15P/
妖艳性感苗条小蛮腰丰满翘臀细长美腿[10P],http://www.hf1z.com/html/12/yaoyanxingganmiaotiaoxiaomanyaofengmanqiaotunxichangmeitui10P/
[Beautyleg]No.542 Avy-1[30P],http://www.hf1z.com/html/12/BeautylegNo542Avy130P/
[RQ-Star]NO.00973 OL 永瀬あや[2][30P],http://www.hf1z.com/html/12/RQStarNO00973OLyonglai230P/
[亚洲]好漂亮的美女前凸后翘修长美腿好性感[15P],http://www.hf1z.com/html/12/yazhouhaopiaoliangdemeinvqiantuhouqiaoxiuchangmeituihaoxinggan15P/
让你流鼻血的S形身材翘臀长腿丝袜[10P],http://www.hf1z.com/html/12/rangniliubixuedeSxingshencaiqiaotunchangtuisiwa10P/
桂希ゆに[5][30P],http://www.hf1z.com/html/12/guixi530P/
漂亮长腿美女翘臀骚姿诱惑[18P],http://www.hf1z.com/html/12/piaoliangchangtuimeinvqiaotunsaoziyouhuo18P/
いしいめ[9][10P],http://www.hf1z.com/html/12/910P/
[Beautyleg]No.534 Evenni[上][30P],http://www.hf1z.com/html/12/BeautylegNo534Evennishang30P/
镜头下迷人的窈窕淑女Jill[18P],http://www.hf1z.com/html/12/jingtouxiamirendeyaotiaoshunvJill18P/
No.543 Evenni[中][30P],http://www.hf1z.com/html/12/No543Evennizhong30P/
[亚洲]美丽性感红色丝袜美女mity[15P],http://www.hf1z.com/html/12/yazhoumeilixingganhongsesiwameinvmity15P/
[亚洲]美腿美丝大合集231[146P],http://www.hf1z.com/html/12/yazhoumeituimeisidaheji231146P/
美腿欣欣之办公室猜想[100P],http://www.hf1z.com/html/12/meituixinxinzhibangongshicaixiang100P/
迷人的家庭女教师 Model怡萱[34P],http://www.hf1z.com/html/12/mirendejiatingnvjiaoshiModelyixuan34P/
[亚洲]漂亮的美女短裙翘臀性感黑丝腿迷情[13P],http://www.hf1z.com/html/12/yazhoupiaoliangdemeinvduanqunqiaotunxingganheisituimiqing13P/
Lucy 短裙美腿 [20P],http://www.hf1z.com/html/12/Lucyduanqunmeitui20P/
迷人心动的美貌丰满翘臀白嫩美腿真性感[15P],http://www.hf1z.com/html/12/mirenxindongdemeimaofengmanqiaotunbainenmeituizhenxinggan15P/
[亚洲]美腿美丝大合集235[150P],http://www.hf1z.com/html/12/yazhoumeituimeisidaheji235150P/
[亚洲]好清秀的美女短裙包臀超薄肉丝性感大长腿[12P],http://www.hf1z.com/html/12/yazhouhaoqingxiudemeinvduanqunbaotunchaobaorousixinggandachangtui12P/
现在的内衣也流行土豪金配黑丝啊[20P],http://www.hf1z.com/html/12/xianzaideneiyiyeliuxingtuhaojinpeiheisia20P/
いしいめ[6][30P],http://www.hf1z.com/html/12/630P/
[亚洲]美腿美丝大合集236[149P],http://www.hf1z.com/html/12/yazhoumeituimeisidaheji236149P/
乳次诱惑的身材 你能不射吗2[27P],http://www.hf1z.com/html/12/ruciyouhuodeshencaininengbushema227P/
修长的美腿诱惑[12P],http://www.hf1z.com/html/12/xiuchangdemeituiyouhuo12P/
性感模特身材仙女般的面孔[17P],http://www.hf1z.com/html/12/xingganmoteshencaixiannvbandemiankong17P/
身材高挑，难以抗拒的美腿诱惑[22P],http://www.hf1z.com/html/12/shencaigaotiaonanyikangjudemeituiyouhuo22P/
腿美，人更美，加上高挑身材，这就是女神1[22P],http://www.hf1z.com/html/12/tuimeirengengmeijiashanggaotiaoshencaizhejiushinvshen122P/
大波妹的身材真火辣[13P],http://www.hf1z.com/html/12/dabomeideshencaizhenhuola13P/
乳次诱惑的身材 你能不射吗2[27P],http://www.hf1z.com/html/12/ruciyouhuodeshencaininengbushema227P/
身材高挑，难以抗拒的美腿诱惑[22P],http://www.hf1z.com/html/12/shencaigaotiaonanyikangjudemeituiyouhuo22P/
如此性感得让人直流鼻血 何不撸次3[19P],http://www.hf1z.com/html/12/rucixingganderangrenzhiliubixuehebuluci319P/
面容娇好的女孩水谷さくら美腿写真-3[18P],http://www.hf1z.com/html/12/mianrongjiaohaodenvhaishuigumeituixiezhen318P/
松谷裕美性感写真3[29P],http://www.hf1z.com/html/12/songguyumeixingganxiezhen329P/
清纯的女神黑丝美腿，拥有她此生无憾[14P],http://www.hf1z.com/html/12/qingchundenvshenheisimeituiyongyoutacishengwuhan14P/
性感无比女神，让人爱不释手[26P],http://www.hf1z.com/html/12/xingganwubinvshenrangrenaibushishou26P/
Tori_Black_誘人的性感曲線-2[14P],http://www.hf1z.com/html/12/ToriBlackzharendexingganqujin214P/
身材极品，翘臀美腿身材荡漾人心啊[17P],http://www.hf1z.com/html/12/shencaijipinqiaotunmeituishencaidangyangrenxina17P/
有这样的秘书你何能专心工作[36P],http://www.hf1z.com/html/12/youzheyangdemishunihenengzhuanxingongzuo36P/
实在太诱惑了人间尤物看第一长就硬了想干她一炮2[10P],http://www.hf1z.com/html/12/shizaitaiyouhuoliaorenjianyouwukandiyichangjiuyingliaoxianggantayipao210P/
沙发上黄色内衣的尤物荒木よし穂-1[40P],http://www.hf1z.com/html/12/shafashanghuangseneiyideyouwuhuangmuer140P/
性感得让人直流鼻血 女神空姐1[30P],http://www.hf1z.com/html/12/xingganderangrenzhiliubixuenvshenkongjie130P/
完美身材、修长美腿配丝袜加高跟，“美”就一个字！[11P],http://www.hf1z.com/html/12/wanmeishencaixiuchangmeituipeisiwajiagaogenmeijiuyigezi11P/
乳次诱惑的身材 你能不射吗1[23P],http://www.hf1z.com/html/12/ruciyouhuodeshencaininengbushema123P/
隐隐约约的私处保证你她裙子没拉上去的时候旧有感觉[39P],http://www.hf1z.com/html/12/yinyinyueyuedesichubaozhengnitaqunzimeilashangqudeshihoujiuyouganjue39P/
摄影独特的泳装写真[11P],http://www.hf1z.com/html/12/sheyingdutedeyongzhuangxiezhen11P/
极度诱惑修美长腿美女，隐隐约约让你看到新鲜的花瓣，让你胡思乱想[24P],http://www.hf1z.com/html/12/jiduyouhuoxiumeichangtuimeinvyinyinyueyuerangnikandaoxinxiandehuabanrangnihusiluanxiang24P/
这才是极品，清纯，放荡[21P],http://www.hf1z.com/html/12/zhecaishijipinqingchunfangdang21P/
黑丝短裙这身材真完美[12P],http://www.hf1z.com/html/12/heisiduanqunzheshencaizhenwanmei12P/
典雅气质清纯女孩[16P],http://www.hf1z.com/html/12/dianyaqizhiqingchunnvhai16P/
MyGirl美媛馆  女神 少女的诱惑[10P],http://www.hf1z.com/html/12/MyGirlmeiyuanguannvshenshaonvdeyouhuo10P/
MyGirl美媛馆  可可 美女写真[11P],http://www.hf1z.com/html/12/MyGirlmeiyuanguankekemeinvxiezhen11P/
大学里的阳光牛仔妹[20P],http://www.hf1z.com/html/12/daxuelideyangguangniuzimei20P/
爆乳宅男女神浴室里激情[13P],http://www.hf1z.com/html/12/baoruzhainannvshenyushilijiqing13P/
典雅居家的贵妇人美腿佳人[22P],http://www.hf1z.com/html/12/dianyajujiadeguifurenmeituijiaren22P/
漂亮性感的美腿宝贝大眼小妹儿[11P],http://www.hf1z.com/html/12/piaoliangxinggandemeituibaobeidayanxiaomeier11P/
大学里的阳光牛仔妹[20P],http://www.hf1z.com/html/12/daxuelideyangguangniuzimei20P/
典雅气质清纯女孩[16P],http://www.hf1z.com/html/12/dianyaqizhiqingchunnvhai16P/
黑丝短裙这身材真完美[12P],http://www.hf1z.com/html/12/heisiduanqunzheshencaizhenwanmei12P/
如月白色  湿身的极度诱惑2[37P],http://www.hf1z.com/html/12/ruyuebaiseshishendejiduyouhuo237P/
河边抓拍到的长靴黑丝靓丽的美妹[11P],http://www.hf1z.com/html/12/hebianzhuapaidaodechangxueheisijinglidemeimei11P/
推女郎 李丽莎 完美女神刺激你的神经[28P],http://www.hf1z.com/html/12/tuinvlanglilishawanmeinvshencijinideshenjing28P/
能干一泡多少钱都值得[20P],http://www.hf1z.com/html/12/nengganyipaoduoshaoqianduzhide20P/
漂亮性感的美腿宝贝大眼小妹儿[11P],http://www.hf1z.com/html/12/piaoliangxinggandemeituibaobeidayanxiaomeier11P/
实在太诱惑了人间尤物看第一长就硬了想干她一炮1[16P],http://www.hf1z.com/html/12/shizaitaiyouhuoliaorenjianyouwukandiyichangjiuyingliaoxianggantayipao116P/
受不鸟的实在太诱惑了射了满地1[19P],http://www.hf1z.com/html/12/shoubuniaodeshizaitaiyouhuoliaosheliaomandi119P/
高跟，丝袜，美腿[11P],http://www.hf1z.com/html/12/gaogensiwameitui11P/
性感的内衣女孩AYAMI唯美写真-2[30P],http://www.hf1z.com/html/12/xinggandeneiyinvhaiAYAMIweimeixiezhen230P/
受不鸟的实在太诱惑了射了满地1[19P],http://www.hf1z.com/html/12/shoubuniaodeshizaitaiyouhuoliaosheliaomandi119P/
如此诱惑 看得想冲进去把她干掉2[35P],http://www.hf1z.com/html/12/ruciyouhuokandexiangchongjinqubatagandiao235P/
能干一泡多少钱都值得[20P],http://www.hf1z.com/html/12/nengganyipaoduoshaoqianduzhide20P/
摸摸美腿亲亲美脚[12P],http://www.hf1z.com/html/12/momomeituiqinqinmeijiao12P/
性感妖媚的大胸诱惑[30P],http://www.hf1z.com/html/12/xingganyaomeidedaxiongyouhuo30P/
完美模特纯蓝色内裤的诱惑[27P],http://www.hf1z.com/html/12/wanmeimotechunlanseneikudeyouhuo27P/
性感的内衣女优愛原涼大胆写真-3[29P],http://www.hf1z.com/html/12/xinggandeneiyinvyouaiyuanliangdadanxiezhen329P/
我们一起练瑜伽[23P],http://www.hf1z.com/html/12/womenyiqilianyuga23P/
青春性感女仆变身清新学生[10P],http://www.hf1z.com/html/12/qingchunxinggannvpubianshenqingxinxuesheng10P/
外国极品嫩模的极度诱惑[37P],http://www.hf1z.com/html/12/waiguojipinnenmodejiduyouhuo37P/
天使面孔，魔鬼身材 让人无比兴奋1[24P],http://www.hf1z.com/html/12/tianshimiankongmoguishencairangrenwubixingfen124P/
性感得让人直流鼻血 女神空姐2[22P],http://www.hf1z.com/html/12/xingganderangrenzhiliubixuenvshenkongjie222P/
性感白色连体泳衣清纯女神的诱惑[32P],http://www.hf1z.com/html/12/xingganbaiseliantiyongyiqingchunnvshendeyouhuo32P/
性感的内衣女优愛原涼大胆写真-3[29P],http://www.hf1z.com/html/12/xinggandeneiyinvyouaiyuanliangdadanxiezhen329P/
天使面孔，魔鬼身材 让人无比兴奋2[26P],http://www.hf1z.com/html/12/tianshimiankongmoguishencairangrenwubixingfen226P/
完美的丰乳肥臀，玉体勾魂，让人神魂颠倒2[33P],http://www.hf1z.com/html/12/wanmeidefengrufeitunyutigouhunrangrenshenhundiandao233P/
性感得让人直流鼻血 女神空姐2[22P],http://www.hf1z.com/html/12/xingganderangrenzhiliubixuenvshenkongjie222P/
丝袜，美腿，性感尤物让我射了[20P],http://www.hf1z.com/html/12/siwameituixingganyouwurangwosheliao20P/
家中清纯美腿少女Vicni[17P],http://www.hf1z.com/html/12/jiazhongqingchunmeituishaonvVicni17P/
极品连体花纹黑丝高挑身材诱人长腿[14P],http://www.hf1z.com/html/12/jipinliantihuawenheisigaotiaoshencaiyourenchangtui14P/
Lucy 黑丝美腿 [16P],http://www.hf1z.com/html/12/Lucyheisimeitui16P/
你能受得了这样的白色丝袜长腿翘臀诱惑幺[15P],http://www.hf1z.com/html/12/ninengshoudeliaozheyangdebaisesiwachangtuiqiaotunyouhuomi15P/
光滑诱人皮裤包臀性感细长美腿诱惑[15P],http://www.hf1z.com/html/12/guanghuayourenpikubaotunxingganxichangmeituiyouhuo15P/
美女齐逼短裙诱惑性感肉丝腿真骚[14P],http://www.hf1z.com/html/12/meinvqibiduanqunyouhuoxingganrousituizhensao14P/
好性感的肉丝长腿美女换上黑丝更诱惑[12P],http://www.hf1z.com/html/12/haoxingganderousichangtuimeinvhuanshangheisigengyouhuo12P/
太美女了白色透明丝袜长腿隐隐约约看到阴毛[12P],http://www.hf1z.com/html/12/taimeinvliaobaisetoumingsiwachangtuiyinyinyueyuekandaoyinmao12P/
无法抵挡的白嫩长腿翘臀诱惑[16P],http://www.hf1z.com/html/12/wufadidangdebainenchangtuiqiaotunyouhuo16P/
漂亮美女细长美腿诱人翘臀短裙包臀[18P],http://www.hf1z.com/html/12/piaoliangmeinvxichangmeituiyourenqiaotunduanqunbaotun18P/
珍藏已久的撸管性感粉色丝袜美腿图诱惑[10P],http://www.hf1z.com/html/12/zhencangyijiudeluguanxingganfensesiwameituituyouhuo10P/
这透明蕾丝内裤包臀太诱惑了[14P],http://www.hf1z.com/html/12/zhetoumingleisineikubaotuntaiyouhuoliao14P/
街上遇到身材超好淫荡少妇[15P],http://www.hf1z.com/html/12/jieshangyudaoshencaichaohaoyindangshaofu15P/
性感高挑的女模特看一次让你硬一次[20P],http://www.hf1z.com/html/12/xinggangaotiaodenvmotekanyicirangniyingyici20P/
如此尤物-谁人冲动-1[40P],http://www.hf1z.com/html/12/ruciyouwushuirenchongdong140P/
天使面孔，魔鬼身材 让人无比兴奋2[26P],http://www.hf1z.com/html/12/tianshimiankongmoguishencairangrenwubixingfen226P/
性感白色连体泳衣清纯女神的诱惑[32P],http://www.hf1z.com/html/12/xingganbaiseliantiyongyiqingchunnvshendeyouhuo32P/
性感的女秘书浅野舞迷人的职业装扮-2[30P],http://www.hf1z.com/html/12/xinggandenvmishuqianyewumirendezhiyezhuangban230P/
松谷裕美性感写真1[40P],http://www.hf1z.com/html/12/songguyumeixingganxiezhen140P/
修长美腿 足交肯定很爽[28P],http://www.hf1z.com/html/12/xiuchangmeituizujiaokendinghenshuang28P/
性感的内衣泳装展示女孩久保エイミ苗条身材-2[40P],http://www.hf1z.com/html/12/xinggandeneiyiyongzhuangzhanshinvhaijiubaomiaotiaoshencai240P/
性感超模Wolford各种丝袜的诱惑[25P],http://www.hf1z.com/html/12/xingganchaomoWolfordgezhongsiwadeyouhuo25P/
维秘超模杜晨海边翘臀照[20P],http://www.hf1z.com/html/12/weimichaomoduchenhaibianqiaotunzhao20P/
极品大奶长腿女神白丝白内内在床上苦苦的等着你[18P],http://www.hf1z.com/html/12/jipindanaichangtuinvshenbaisibaineineizaichuangshangkukudedengzhuoni18P/
提着行李箱的丝袜妹妹(无内的诱惑)2[20P],http://www.hf1z.com/html/12/tizhuoxinglixiangdesiwameimeiwuneideyouhuo220P/
丝袜，美腿，性感尤物让我射了[20P],http://www.hf1z.com/html/12/siwameituixingganyouwurangwosheliao20P/
性感的内衣泳装展示女孩久保エイミ苗条身材-1[40P],http://www.hf1z.com/html/12/xinggandeneiyiyongzhuangzhanshinvhaijiubaomiaotiaoshencai140P/
性感的尤物伊東りな美臀写真-1[40P],http://www.hf1z.com/html/12/xinggandeyouwuyidongmeitunxiezhen140P/
妩媚黑丝高跟的尤物[19P],http://www.hf1z.com/html/12/wumeiheisigaogendeyouwu19P/
养眼的长腿性感靓妹[40P],http://www.hf1z.com/html/12/yangyandechangtuixingganjingmei40P/
白皙的皮肤，修长的美腿，性感的网袜[40P],http://www.hf1z.com/html/12/baixidepifuxiuchangdemeituixinggandewangwa40P/
家中的美腿女人Jessie[17P],http://www.hf1z.com/html/12/jiazhongdemeituinvrenJessie17P/
外国妞黑絲吊帶短裙的诱惑1[40P],http://www.hf1z.com/html/12/waiguohaoheijiandiaodaiduanqundeyouhuo140P/
性感黑丝美腿，修长诱惑完美女神做梦都想得到她3[22P],http://www.hf1z.com/html/12/xingganheisimeituixiuchangyouhuowanmeinvshenzuomengduxiangdedaota322P/
性感的内衣泳装展示女孩久保エイミ苗条身材-3[12P],http://www.hf1z.com/html/12/xinggandeneiyiyongzhuangzhanshinvhaijiubaomiaotiaoshencai312P/
性感比基尼隐隐约约露花瓣[24P],http://www.hf1z.com/html/12/xingganbijiniyinyinyueyueluhuaban24P/
苗条身材内衣模特真让人吐血[40P],http://www.hf1z.com/html/12/miaotiaoshencaineiyimotezhenrangrentuxue40P/
诱人心魂的齐逼超短裙性感肉丝美腿[15P],http://www.hf1z.com/html/12/yourenxinhundeqibichaoduanqunxingganrousimeitui15P/
[ROSI]No.1096 匿名写真[30P],http://www.hf1z.com/html/12/ROSINo1096nimingxiezhen30P/
青春时尚美腿女人[25P],http://www.hf1z.com/html/12/qingchunshishangmeituinvren25P/
妖艳腿模那迷人心魂的肉丝腿修长性感[14P],http://www.hf1z.com/html/12/yaoyantuimonamirenxinhunderousituixiuchangxinggan14P/
[ROSI]No.1100 匿名写真[40P],http://www.hf1z.com/html/12/ROSINo1100nimingxiezhen40P/
[水印][Beautyleg] No.1049 Stephy[60P],http://www.hf1z.com/html/12/shuiyinBeautylegNo1049Stephy60P/
漂亮妹子那细长超薄肉丝腿真性感[15P],http://www.hf1z.com/html/12/piaoliangmeizinaxichangchaobaorousituizhenxinggan15P/
美女车模SHOW与SHOW GIRLS-008-10[1][60P],http://www.hf1z.com/html/12/meinvchemoSHOWyuSHOWGIRLS00810160P/
优雅的黑丝美腿第五弹[11P],http://www.hf1z.com/html/12/youyadeheisimeituidiwudan11P/
[水印][Beautyleg] No.1048 Lynn[70P],http://www.hf1z.com/html/12/shuiyinBeautylegNo1048Lynn70P/
いしいめ[1][30P],http://www.hf1z.com/html/12/130P/
齐B小短裙和男友逛街！[17P],http://www.hf1z.com/html/12/qiBxiaoduanqunhenanyouguangjie17P/
漂亮的长腿医生妹子[11P],http://www.hf1z.com/html/12/piaoliangdechangtuiyishengmeizi11P/
不只是吸引-ligui腿模的脚尖透明肉丝魅惑[14P],http://www.hf1z.com/html/12/buzhishixiyinliguituimodejiaojiantoumingrousimeihuo14P/
[RQ-Star]NO.00973 OL 永瀬あや[4][30P],http://www.hf1z.com/html/12/RQStarNO00973OLyonglai430P/
いしいめ[2][30P],http://www.hf1z.com/html/12/230P/
[丽柜]2015-01-01网络丽人Model 语寒[32P],http://www.hf1z.com/html/12/ligui20150101wangluolirenModelyuhan32P/
[水印][Beautyleg] No.1035 Flora[58P],http://www.hf1z.com/html/12/shuiyinBeautylegNo1035Flora58P/
俏丽女秘书英子[下][15P],http://www.hf1z.com/html/12/qiaolinvmishuyingzixia15P/
いしいめ[3][30P],http://www.hf1z.com/html/12/330P/
长裙黑丝美腿少妇[33P],http://www.hf1z.com/html/12/changqunheisimeituishaofu33P/
漂亮气质美女贴身短裙包臀修长肉丝腿[12P],http://www.hf1z.com/html/12/piaoliangqizhimeinvtieshenduanqunbaotunxiuchangrousitui12P/
蕾丝睡衣秀性感魅力[12P],http://www.hf1z.com/html/12/leisishuiyixiuxingganmeili12P/
[丽柜]2015.01.13 网络丽人Model 允儿[43P],http://www.hf1z.com/html/12/ligui20150113wangluolirenModelyuner43P/
美貌性感丝袜短裙诱惑各种动作真骚[14P],http://www.hf1z.com/html/12/meimaoxinggansiwaduanqunyouhuogezhongdongzuozhensao14P/
多年不见女校花被我给XO了[27P],http://www.hf1z.com/html/12/duonianbujiannvxiaohuabeiwogeiXOliao27P/
海浪哗哗响岸上啪啪响[22P],http://www.hf1z.com/html/12/hailanghuahuaxianganshangpapaxiang22P/
短发妹妹在绿草地上大胆交配中出[12P],http://www.hf1z.com/html/12/duanfameimeizailvcaodishangdadanjiaopeizhongchu12P/
爆操和服白嫩极品性感女神少妇[36P],http://www.hf1z.com/html/12/baocaohefubainenjipinxinggannvshenshaofu36P/
和兄弟内射极品少妇被干出白浆[10P],http://www.hf1z.com/html/12/hexiongdineishejipinshaofubeiganchubaijiang10P/
青青靓丽的美女被无套内射[16P],http://www.hf1z.com/html/12/qingqingjinglidemeinvbeiwutaoneishe16P/
乖巧的小女佣[10P],http://www.hf1z.com/html/12/guaiqiaodexiaonvyong10P/
把性感女友从卧室操到厨房后口射[23P],http://www.hf1z.com/html/12/baxinggannvyoucongwoshicaodaochufanghoukoushe23P/
爆操白皙大奶龅牙妹[25P],http://www.hf1z.com/html/12/baocaobaixidanaibaoyamei25P/
被监禁的淫娃[10P],http://www.hf1z.com/html/12/beijianjindeyinwa10P/
初中学生妹子暑假兼职[16P],http://www.hf1z.com/html/12/chuzhongxueshengmeizishujiajianzhi16P/
边拍边干做纪念[11P],http://www.hf1z.com/html/12/bianpaibianganzuojinian11P/
岛内顶级4大女神为我服务[10P],http://www.hf1z.com/html/12/daoneidingji4danvshenweiwofuwu10P/
小宝贝你别紧张，哥哥会操的你很舒服的[22P],http://www.hf1z.com/html/12/xiaobaobeinibiejinzhanggegehuicaodenihenshufude22P/
美痴女！熟女教练的淫语指导[11P],http://www.hf1z.com/html/12/meichinvshunvjiaoliandeyinyuzhidao11P/
浪货你这么卖力，我今天也必须满足你[20P],http://www.hf1z.com/html/12/langhuonizhememailiwojintianyebixumanzuni20P/
性爱大师小姐伺候人的功夫真是太赞了[21P],http://www.hf1z.com/html/12/xingaidashixiaojiesihourendegongfuzhenshitaizanliao21P/
Ｆ杯美巨乳的人妻[12P],http://www.hf1z.com/html/12/beimeijuruderenqi12P/
强烈的欲望所以喷潮[19P],http://www.hf1z.com/html/12/qiangliedeyuwangsuoyipenchao19P/
美少女被干 看那销魂的表情[26P],http://www.hf1z.com/html/12/meishaonvbeigankannaxiaohundebiaoqing26P/
深喉爆菊，淫荡的娘们爱玩重口味[19P],http://www.hf1z.com/html/12/shenhoubaojuyindangdeniangmenaiwanzhongkouwei19P/
連吻都沒接過的真正處女[14P],http://www.hf1z.com/html/12/lianwendumeijieguodezhenzhengtanv14P/
欲求不滿人妻死乞白賴的要求fuck[10P],http://www.hf1z.com/html/12/yuqiubumanrenqisiqibailaideyaoqiufuck10P/
粉嫩嫩的可爱女乔Jo-1[40P],http://www.hf1z.com/html/12/fennennendekeainvqiaoJo140P/
极品人间尤物叫人如何按耐得了[23P],http://www.hf1z.com/html/12/jipinrenjianyouwujiaorenruheannaideliao23P/
漂亮美女苗条身材细长超薄肉丝美腿[15P],http://www.hf1z.com/html/12/piaoliangmeinvmiaotiaoshencaixichangchaobaorousimeitui15P/
靓丽美女模特兔女郎内衣秀[11P],http://www.hf1z.com/html/12/jinglimeinvmotetunvlangneiyixiu11P/
漂亮女秘书制服性感长腿肉丝诱惑让人怎幺好好上班[16P],http://www.hf1z.com/html/12/piaoliangnvmishuzhifuxingganchangtuirousiyouhuorangrenzenmihaohaoshangban16P/
短裙包臀美貌妖娆身姿修长美腿[13P],http://www.hf1z.com/html/12/duanqunbaotunmeimaoyaoraoshenzixiuchangmeitui13P/
漂亮腿模高挑身材肉丝长腿配高跟鞋最诱人[15P],http://www.hf1z.com/html/12/piaoliangtuimogaotiaoshencairousichangtuipeigaogenxiezuiyouren15P/
喜欢黑丝的有眼福了这黑丝臀黑丝长腿真诱惑[15P],http://www.hf1z.com/html/12/xihuanheisideyouyanfuliaozheheisitunheisichangtuizhenyouhuo15P/
很诱人的美女翘臀诱惑那超波肉丝腿真长[16P],http://www.hf1z.com/html/12/henyourendemeinvqiaotunyouhuonachaoborousituizhenchang16P/
[Beautyleg]No.537 Tina[30P],http://www.hf1z.com/html/12/BeautylegNo537Tina30P/
超薄丝袜美腿蕾丝内裤看得你欲望焚身[15P],http://www.hf1z.com/html/12/chaobaosiwameituileisineikukandeniyuwangfenshen15P/
红色短裙美女街拍[10P],http://www.hf1z.com/html/12/hongseduanqunmeinvjiepai10P/
这美女长得漂亮身材苗条关键那双修长黑丝腿真诱人[16P],http://www.hf1z.com/html/12/zhemeinvchangdepiaoliangshencaimiaotiaoguanjiannashuangxiuchangheisituizhenyouren16P/
美貌制服短裙包臀白嫩丝袜长腿诱惑[15P],http://www.hf1z.com/html/12/meimaozhifuduanqunbaotunbainensiwachangtuiyouhuo15P/
[丽柜]2015.01.20 网络丽人 Model:允儿 [40P],http://www.hf1z.com/html/12/ligui20150120wangluolirenModelyuner40P/
[ROSI]No.1093 匿名写真[36P],http://www.hf1z.com/html/12/ROSINo1093nimingxiezhen36P/
児岛奈央[3][30P],http://www.hf1z.com/html/12/erdaonaiyang330P/
激情四射的腿模一身花纹黑丝丰满翘臀性感长腿[15P],http://www.hf1z.com/html/12/jiqingsishedetuimoyishenhuawenheisifengmanqiaotunxingganchangtui15P/
Sara 红艳气场 [11P],http://www.hf1z.com/html/12/Sarahongyanqichang11P/
[水印][Beautyleg] No.1033 Vicni[56P],http://www.hf1z.com/html/12/shuiyinBeautylegNo1033Vicni56P/
美女模特SHOW与SHOW GIRLS-0022-24[8][30P],http://www.hf1z.com/html/12/meinvmoteSHOWyuSHOWGIRLS002224830P/
[丽柜]2015.01.17 网络丽人 Model 允儿[44P],http://www.hf1z.com/html/12/ligui20150117wangluolirenModelyuner44P/
漂亮腿模抚媚翘臀秀肉丝美腿[12P],http://www.hf1z.com/html/12/piaoliangtuimofumeiqiaotunxiurousimeitui12P/
清爽美腿女孩——小雪[20P],http://www.hf1z.com/html/12/qingshuangmeituinvhaixiaoxue20P/
[水印][Beautyleg] No.1042 Queena[59P],http://www.hf1z.com/html/12/shuiyinBeautylegNo1042Queena59P/
[水印][Beautyleg] No.1046 YoYo[59P],http://www.hf1z.com/html/12/shuiyinBeautylegNo1046YoYo59P/
Yoyo 性感长腿 [30P],http://www.hf1z.com/html/12/Yoyoxingganchangtui30P/
如月白色  湿身的极度诱惑1[40P],http://www.hf1z.com/html/12/ruyuebaiseshishendejiduyouhuo140P/
我的女神 白嫩皮肤 傲人身躯 迷人胸部1[25P],http://www.hf1z.com/html/12/wodenvshenbainenpifuaorenshenqumirenxiongbu125P/
大街上具有明星气质的黑丝mm[10P],http://www.hf1z.com/html/12/dajieshangjuyoumingxingqizhideheisimm10P/
黑丝少妇美腿的魅力[11P],http://www.hf1z.com/html/12/heisishaofumeituidemeili11P/
辻井美香 性感诱惑2[40P],http://www.hf1z.com/html/12/shijingmeixiangxingganyouhuo240P/
很甜美的黑丝小女孩写真[10P],http://www.hf1z.com/html/12/hentianmeideheisixiaonvhaixiezhen10P/
我的女神 白嫩皮肤 傲人身躯 迷人胸部2[24P],http://www.hf1z.com/html/12/wodenvshenbainenpifuaorenshenqumirenxiongbu224P/
很有气质的美女唐嫣秀丝袜[12P],http://www.hf1z.com/html/12/henyouqizhidemeinvtangyanxiusiwa12P/
跳动而活跃不同角度的秀丝袜[12P],http://www.hf1z.com/html/12/tiaodongerhuoyuebutongjiaodudexiusiwa12P/
超级美腿少女室内写真[10P],http://www.hf1z.com/html/12/chaojimeituishaonvshineixiezhen10P/
我的女神 白嫩皮肤 傲人身躯 迷人胸部1[25P],http://www.hf1z.com/html/12/wodenvshenbainenpifuaorenshenqumirenxiongbu125P/
美女谢忱倬性感妖娆-2[40P],http://www.hf1z.com/html/12/meinvxiechenzhuoxingganyaorao240P/
清纯美丽的丝袜美女[10P],http://www.hf1z.com/html/12/qingchunmeilidesiwameinv10P/
我的女神 白嫩皮肤 傲人身躯 迷人胸部1[25P],http://www.hf1z.com/html/12/wodenvshenbainenpifuaorenshenqumirenxiongbu125P/
如月白色  湿身的极度诱惑1[40P],http://www.hf1z.com/html/12/ruyuebaiseshishendejiduyouhuo140P/
大胆美臀宝贝翘而迷人[14P],http://www.hf1z.com/html/12/dadanmeitunbaobeiqiaoermiren14P/
大街上具有明星气质的黑丝mm[10P],http://www.hf1z.com/html/12/dajieshangjuyoumingxingqizhideheisimm10P/
MyGirl美媛馆  可可 美女写真[11P],http://www.hf1z.com/html/12/MyGirlmeiyuanguankekemeinvxiezhen11P/
花样年华美少女肉丝高跟美腿秀[12P],http://www.hf1z.com/html/12/huayangnianhuameishaonvrousigaogenmeituixiu12P/
粉色小白兔清纯可爱小美女性感丝腿[12P],http://www.hf1z.com/html/12/fensexiaobaituqingchunkeaixiaomeinvxinggansitui12P/
MyGirl美媛馆  女神 情趣内衣[31P],http://www.hf1z.com/html/12/MyGirlmeiyuanguannvshenqingquneiyi31P/
推女郎-曾水[30P],http://www.hf1z.com/html/12/tuinvlangzengshui30P/
迷人的笑容 白嫩的皮肤受不鸟[11P],http://www.hf1z.com/html/12/mirendexiaorongbainendepifushoubuniao11P/
推女郎 麦苹果 性感乳神刺激你的神经[26P],http://www.hf1z.com/html/12/tuinvlangmaipingguoxingganrushencijinideshenjing26P/
MyGirl美媛馆  女神 情趣内衣[31P],http://www.hf1z.com/html/12/MyGirlmeiyuanguannvshenqingquneiyi31P/
