后入式，偷偷的上了酒后的嫂嫂[13P],http://www.pppav7171.net/thread-10018-1-48.html
和情人在酒店大战！[10p],http://www.pppav7171.net/thread-10017-1-48.html
刚高考完的女童鞋，太漂亮了[10P],http://www.pppav7171.net/thread-10016-1-48.html
丰满同事喝多了，领回家自己来[14P],http://www.pppav7171.net/thread-10015-1-48.html
发情了我真受不了[12P],http://www.pppav7171.net/thread-10014-1-48.html
帶条豪放女到KTV再到宾馆拍拍[14P],http://www.pppav7171.net/thread-10013-1-48.html
带着女友激情车震淫水真多拿纸擦干还是一直流[15P],http://www.pppav7171.net/thread-10012-1-48.html
大一的妹子直流水[12P],http://www.pppav7171.net/thread-10011-1-48.html
大学女友很诱人[10P],http://www.pppav7171.net/thread-10010-1-48.html
[原创ID验证]舌头女王口活就是好[22P],http://www.pppav7171.net/thread-10009-1-48.html
昨天才約到的高挑良家少婦[12P],http://www.pppav7171.net/thread-9960-1-48.html
約上寂寞女生到賓館看她粉粉的木耳[11P],http://www.pppav7171.net/thread-9959-1-48.html
淫荡少妇老公不在家被我调教的欲仙欲死[10P],http://www.pppav7171.net/thread-9958-1-48.html
性欲很強的小情人掰穴給我看[21P],http://www.pppav7171.net/thread-9957-1-48.html
水靈靈的小網友真听话[15P],http://www.pppav7171.net/thread-9956-1-48.html
试过才知熟女也能夹得很紧很舒服[14P],http://www.pppav7171.net/thread-9955-1-48.html
粉嫩小穴穴少婦特別容易潮吹[13P],http://www.pppav7171.net/thread-9954-1-48.html
半夜和情妇开车出来市郊开搞车震偷情真爽[19P],http://www.pppav7171.net/thread-9953-1-48.html
找了个肥穴少妇过来在上面划拳[14P],http://www.pppav7171.net/thread-9944-1-48.html
喷血诱惑吊带黑丝腿诱惑那性感的臀部好翘[10P],http://www.pppav7171.net/thread-9943-1-48.html
花了五百块叫了个性感丰满身材那诱人的骚穴太诱惑了[11P],http://www.pppav7171.net/thread-9942-1-48.html
分享自己的大屁股老婆大家喜欢吗[16P],http://www.pppav7171.net/thread-9941-1-48.html
超级美少妇酒店性爱前激情玩自拍[15P,http://www.pppav7171.net/thread-9940-1-48.html
不甘寂寞的大姐也秀一秀自己的骚穴和大屁股[15P],http://www.pppav7171.net/thread-9939-1-48.html
别看身材丰腴其实有极品的蝴蝶屄[14P],http://www.pppav7171.net/thread-9938-1-48.html
白嫩丰满大学女友肉感身材摸着就有满满的手感[10P],http://www.pppav7171.net/thread-9937-1-48.html
醉酒搞后居然發現是處女[12P],http://www.pppav7171.net/thread-9850-1-48.html
这种诱惑谁能挡得了[10P],http://www.pppav7171.net/thread-9849-1-48.html
这大奶子让我神往啊[20P],http://www.pppav7171.net/thread-9848-1-48.html
在出租房和身材很好女友拍照[10P],http://www.pppav7171.net/thread-9847-1-48.html
