女郎身着粉色系[16P],http://www.hf1z.com/html/11/nvlangshenzhuofensexi16P/
雪白的浴巾裹身的美女[15P],http://www.hf1z.com/html/11/xuebaideyujinguoshendemeinv15P/
有气质有骚气火辣身材看完真想撸了[20P],http://www.hf1z.com/html/11/youqizhiyousaoqihuolashencaikanwanzhenxiangluliao20P/
耳环熟妇的嫩屄[16P],http://www.hf1z.com/html/11/erhuanshufudenenbi16P/
雪白的浴巾裹身的美女[15P],http://www.hf1z.com/html/11/xuebaideyujinguoshendemeinv15P/
绿池边的标致美女儿[16P],http://www.hf1z.com/html/11/lvchibiandebiaozhimeinver16P/
甜美迷人的笑容[11P],http://www.hf1z.com/html/11/tianmeimirendexiaorong11P/
帐下美姬有谁怜[16P],http://www.hf1z.com/html/11/zhangxiameijiyoushuilian16P/
白皙小白兔诱人无比[12P],http://www.hf1z.com/html/11/baixixiaobaituyourenwubi12P/
女郎身着粉色系[16P],http://www.hf1z.com/html/11/nvlangshenzhuofensexi16P/
太诱惑啦 想按在床上好好干一回[19P],http://www.hf1z.com/html/11/taiyouhuolaxianganzaichuangshanghaohaoganyihui19P/
美丽的溜冰女裸露你看[16P],http://www.hf1z.com/html/11/meilideliubingnvluolunikan16P/
咪咪是雪白的，身材的凹凸的，眼神是勾人的[25P],http://www.hf1z.com/html/11/maimaishixuebaideshencaideaotudeyanshenshigourende25P/
美女腳開看鮑魚蝴蝶逼[17P],http://www.hf1z.com/html/11/meinvmokaikanbaoyuhudiebi17P/
白衣美女，那种感觉让你想把她马上摁倒在床[14P],http://www.hf1z.com/html/11/baiyimeinvnazhongganjuerangnixiangbatamashangendaozaichuang14P/
靓丽天鹅为谁舞[16P],http://www.hf1z.com/html/11/jinglitianeweishuiwu16P/
迷蒙的眼神真迷人[13P],http://www.hf1z.com/html/11/mimengdeyanshenzhenmiren13P/
绿池边的标致美女儿[16P],http://www.hf1z.com/html/11/lvchibiandebiaozhimeinver16P/
美女腳開看鮑魚蝴蝶逼[17P],http://www.hf1z.com/html/11/meinvmokaikanbaoyuhudiebi17P/
海边美鲍鱼[14P],http://www.hf1z.com/html/11/haibianmeibaoyu14P/
粉丁裤下藏花蕊[16P],http://www.hf1z.com/html/11/fendingkuxiacanghuarui16P/
帐下美姬有谁怜[16P],http://www.hf1z.com/html/11/zhangxiameijiyoushuilian16P/
迷蒙的眼神真迷人[13P],http://www.hf1z.com/html/11/mimengdeyanshenzhenmiren13P/
欧美伞亮伊人_苏珊[12P],http://www.hf1z.com/html/11/oumeisanliangyirensushan12P/
美女、香床、海景房[14P],http://www.hf1z.com/html/11/meinvxiangchuanghaijingfang14P/
丰满肥嫩鲍鱼张开腿让你看清晰[14P],http://www.hf1z.com/html/11/fengmanfeinenbaoyuzhangkaituirangnikanqingxi14P/
虽然是黑白色但是充满了肉欲[12P],http://www.hf1z.com/html/11/suiranshiheibaisedanshichongmanliaorouyu12P/
睡衣里那若隐若现的胴体[16P],http://www.hf1z.com/html/11/shuiyilinaruoyinruoxiandedongti16P/
欧洲少妇雪地性感极度诱惑啊[20P],http://www.hf1z.com/html/11/ouzhoushaofuxuedixingganjiduyouhuoa20P/
火爆的身材，粉嫩的骚屄[33P],http://www.hf1z.com/html/11/huobaodeshencaifennendesaobi33P/
乌克兰唯美少女之沙漠篇[17P],http://www.hf1z.com/html/11/wukelanweimeishaonvzhishamopian17P/
腿长高挑丰满女[16P],http://www.hf1z.com/html/11/tuichanggaotiaofengmannv16P/
丰满肥嫩鲍鱼张开腿让你看清晰[14P],http://www.hf1z.com/html/11/fengmanfeinenbaoyuzhangkaituirangnikanqingxi14P/
诱人的靓女[14P],http://www.hf1z.com/html/11/yourendejingnv14P/
巨乳天使身材清纯脸蛋[10P],http://www.hf1z.com/html/11/jurutianshishencaiqingchunliandan10P/
carla_cox散发青春朝气的身体--2[28P],http://www.hf1z.com/html/11/carlacoxsanfaqingchunchaoqideshenti228P/
女棒球手和你一起跑垒[16P],http://www.hf1z.com/html/11/nvbangqiushouheniyiqipaolei16P/
清纯的感觉_Kinga[12P],http://www.hf1z.com/html/11/qingchundeganjueKinga12P/
此女乳晕小，色粉，乳头娇小可爱，犹如可以含出甘露[20P],http://www.hf1z.com/html/11/cinvruyunxiaosefenrutoujiaoxiaokeaiyourukeyihanchuganlu20P/
丰满的大眼睛骚妇[14P],http://www.hf1z.com/html/11/fengmandedayanjingsaofu14P/
沙发上漂亮柔情的金发美人[11P],http://www.hf1z.com/html/11/shafashangpiaoliangrouqingdejinfameiren11P/
埃夫伦Evren卧室里美体首秀Premiere[17P],http://www.hf1z.com/html/11/aifulunEvrenwoshilimeitishouxiuPremiere17P/
睡衣里那若隐若现的胴体[16P],http://www.hf1z.com/html/11/shuiyilinaruoyinruoxiandedongti16P/
carla_cox散发青春朝气的身体--2[28P],http://www.hf1z.com/html/11/carlacoxsanfaqingchunchaoqideshenti228P/
巨乳天使身材清纯脸蛋[10P],http://www.hf1z.com/html/11/jurutianshishencaiqingchunliandan10P/
水边的性感女神[11P],http://www.hf1z.com/html/11/shuibiandexinggannvshen11P/
安娜利亚AnnaLeah传奇Legend的性感身姿[28P],http://www.hf1z.com/html/11/annaliyaAnnaLeahchuanqiLegenddexingganshenzi28P/
树林里倚靠大树上的詹妮Jenni[24P],http://www.hf1z.com/html/11/shulinliyikaodashushangdezhanniJenni24P/
各种性感妩媚的姿势，让勾魂的眼神让你神魂颠倒[16P],http://www.hf1z.com/html/11/gezhongxingganwumeidezishiranggouhundeyanshenrangnishenhundiandao16P/
婀娜多姿，美不胜收[20P],http://www.hf1z.com/html/11/enaduozimeibushengshou20P/
卧室里大胸人体模特奇基塔ChikitaBombshell2[27P],http://www.hf1z.com/html/11/woshilidaxiongrentimoteqijitaChikitaBombshell227P/
牛仔碎花俏女郎[16P],http://www.hf1z.com/html/11/niuzisuihuaqiaonvlang16P/
男人的宠爱，女人的骄傲[15P],http://www.hf1z.com/html/11/nanrendechongainvrendejiaoao15P/
西洋骚女（二）Addison Rose[26P],http://www.hf1z.com/html/11/xiyangsaonverAddisonRose26P/
完美身材 圆润大奶  性感嘴唇让你受不了[15P],http://www.hf1z.com/html/11/wanmeishencaiyuanrundanaixingganzuichunrangnishoubuliao15P/
卧室里大胸人体模特奇基塔ChikitaBombshell2[27P],http://www.hf1z.com/html/11/woshilidaxiongrentimoteqijitaChikitaBombshell227P/
在床上翻滚的莱斯女神[25P],http://www.hf1z.com/html/11/zaichuangshangfangundelaisinvshen25P/
男人的宠爱，女人的骄傲[15P],http://www.hf1z.com/html/11/nanrendechongainvrendejiaoao15P/
金发大奶极品女神那抚媚的眼神让你神魂颠倒[15P],http://www.hf1z.com/html/11/jinfadanaijipinnvshennafumeideyanshenrangnishenhundiandao15P/
乌克兰小美女(完结篇)[20P],http://www.hf1z.com/html/11/wukelanxiaomeinvwanjiepian20P/
特級捲髮少女B [17P],http://www.hf1z.com/html/11/tejijuanfashaonvB17P/
金发女郎耐不住寂寞展示美体给你瞧瞧[16P],http://www.hf1z.com/html/11/jinfanvlangnaibuzhujimozhanshimeitigeiniqiaoqiao16P/
熟女秘书黑丝的诱惑[10P],http://www.hf1z.com/html/11/shunvmishuheisideyouhuo10P/
金发小嫩妹身材真心不错，那水灵灵的嫩穴让你想舔上去[14P],http://www.hf1z.com/html/11/jinfaxiaonenmeishencaizhenxinbucuonashuilinglingdenenxuerangnixiangtianshangqu14P/
性感美女鲍鱼入水[20P],http://www.hf1z.com/html/11/xingganmeinvbaoyurushui20P/
长得好风骚  小穴咪咪都那么美  肯定很猛[11P],http://www.hf1z.com/html/11/changdehaofengsaoxiaoxuemaimaidunamemeikendinghenmeng11P/
诱人的山峰 迷人的肤色[17P],http://www.hf1z.com/html/11/yourendeshanfengmirendefuse17P/
性感美女鲍鱼入水[20P],http://www.hf1z.com/html/11/xingganmeinvbaoyurushui20P/
游泳池里的大波熟妇美女[16P],http://www.hf1z.com/html/11/youyongchilidedaboshufumeinv16P/
选举阵营里的裸露女人[16P],http://www.hf1z.com/html/11/xuanjuzhenyinglideluolunvren16P/
淫荡美女办公桌上玩自慰放开让我来帮你[30P],http://www.hf1z.com/html/11/yindangmeinvbangongzhuoshangwanziweifangkairangwolaibangni30P/
淫荡美女办公桌上玩自慰放开让我来帮你[30P],http://www.hf1z.com/html/11/yindangmeinvbangongzhuoshangwanziweifangkairangwolaibangni30P/
人比红苹果还甜，嫩B更甜[20],http://www.hf1z.com/html/11/renbihongpingguohuantiannenBgengtian20/
淫荡性感金发女郎坚挺奶子的诱惑[11P],http://www.hf1z.com/html/11/yindangxingganjinfanvlangjiantingnaizideyouhuo11P/
玉女 粉嫩的BB令人心動[15P],http://www.hf1z.com/html/11/yunvfennendeBBlingrenxindong15P/
清纯小嫩妹 Zara的诱惑[16P],http://www.hf1z.com/html/11/qingchunxiaonenmeiZaradeyouhuo16P/
坐在米色Beige洗手台上的锑Mony2[17P],http://www.hf1z.com/html/11/zuozaimiseBeigexishoutaishangdetiMony217P/
凯莱Gloria珠光宝气[14P],http://www.hf1z.com/html/11/kailaiGloriazhuguangbaoqi14P/
屁股雪白肥美超正美女啊[19P],http://www.hf1z.com/html/11/piguxuebaifeimeichaozhengmeinva19P/
海滩NudeBeach上美女Ariel斯泰西Stacey魅力美体写真[30P],http://www.hf1z.com/html/11/haitanNudeBeachshangmeinvArielsitaixiStaceymeilimeitixiezhen30P/
海滩NudeBeach上美女Ariel斯泰西Stacey魅力美体写真[30P],http://www.hf1z.com/html/11/haitanNudeBeachshangmeinvArielsitaixiStaceymeilimeitixiezhen30P/
鲜嫩的鲍鱼，浑圆的乳房让你恨不得马上咬上去[18P],http://www.hf1z.com/html/11/xiannendebaoyuhunyuanderufangrangnihenbudemashangyaoshangqu18P/
熟妇美女自家里玩球[12P],http://www.hf1z.com/html/11/shufumeinvzijialiwanqiu12P/
乌克兰唯美少女 好嫩的B[17P],http://www.hf1z.com/html/11/wukelanweimeishaonvhaonendeB17P/
杂志与美女[14P],http://www.hf1z.com/html/11/zazhiyumeinv14P/
美体模特莉莲Liliane燃烧的心BurningHeart2[22P],http://www.hf1z.com/html/11/meitimotelilianLilianeranshaodexinBurningHeart222P/
金毛美臀，身材结实[12P],http://www.hf1z.com/html/11/jinmaomeitunshencaijieshi12P/
性感无比 真想立马把你给后入了[39P],http://www.hf1z.com/html/11/xingganwubizhenxianglimabanigeihouruliao39P/
家中寂寞少妇[34P],http://www.hf1z.com/html/11/jiazhongjimoshaofu34P/
丰满白嫩，珠圆玉润，美艳诱人[12P],http://www.hf1z.com/html/11/fengmanbainenzhuyuanyurunmeiyanyouren12P/
田园诗人OR湿人[20P],http://www.hf1z.com/html/11/tianyuanshirenORshiren20P/
躺椅上悠闲自在的珍妮特Janetta[31P],http://www.hf1z.com/html/11/tangyishangyouxianzizaidezhenniteJanetta31P/
后院Backyard塔利亚Thalia凉高美体秀[35P],http://www.hf1z.com/html/11/houyuanBackyardtaliyaThalialianggaomeitixiu35P/
白嫩美女让人醉[18P],http://www.hf1z.com/html/11/bainenmeinvrangrenzui18P/
岁月催人木耳黑[16P],http://www.hf1z.com/html/11/suiyuecuirenmuerhei16P/
沙滩上的美女[16P],http://www.hf1z.com/html/11/shatanshangdemeinv16P/
丝袜金发美少妇[20P],http://www.hf1z.com/html/11/siwajinfameishaofu20P/
乌克兰小美女（一）[30P],http://www.hf1z.com/html/11/wukelanxiaomeinvyi30P/
看了这图片想跟美女一起洗澡[24P],http://www.hf1z.com/html/11/kanliaozhetupianxianggenmeinvyiqixizao24P/
苏西Suzie隆突Carina身姿造型2[24P],http://www.hf1z.com/html/11/suxiSuzielongtuCarinashenzizaoxing224P/
身材性感苗条，一对奶子却很美很大[20P],http://www.hf1z.com/html/11/shencaixingganmiaotiaoyiduinaiziquehenmeihenda20P/
世界第一美鲍 乳此的粉嫩[16P],http://www.hf1z.com/html/11/shijiediyimeibaorucidefennen16P/
白嫩美女让人醉[18P],http://www.hf1z.com/html/11/bainenmeinvrangrenzui18P/
金毛美臀，身材结实[12P],http://www.hf1z.com/html/11/jinmaomeitunshencaijieshi12P/
精品Marketa露出下体，那奶子超级美[18P],http://www.hf1z.com/html/11/jingpinMarketaluchuxiatinanaizichaojimei18P/
性感美丽的Sunny Leone[28P],http://www.hf1z.com/html/11/xingganmeilideSunnyLeone28P/
金毛美臀，身材结实[12P],http://www.hf1z.com/html/11/jinmaomeitunshencaijieshi12P/
天使般的蕾丝優物，美極了[31P],http://www.hf1z.com/html/11/tianshibandeleisiyouwumeijiliao31P/
厅堂之上颜如玉[15P],http://www.hf1z.com/html/11/tingtangzhishangyanruyu15P/
完美身材 圆润大奶  性感嘴唇让你受不了[15P],http://www.hf1z.com/html/11/wanmeishencaiyuanrundanaixingganzuichunrangnishoubuliao15P/
美艳熟妇真让人鸡冻[20P],http://www.hf1z.com/html/11/meiyanshufuzhenrangrenjidong20P/
在阳光的滋润下等你[16P],http://www.hf1z.com/html/11/zaiyangguangdezirunxiadengni16P/
特丽莎Tereza爱的象征[33P],http://www.hf1z.com/html/11/telishaTerezaaidexiangzheng33P/
小巧可愛的尖挺乳頭[17P],http://www.hf1z.com/html/11/xiaoqiaokeaidejiantingrutou17P/
维维安Vivian黝黑肌肤淋湿的身体-1[40P],http://www.hf1z.com/html/11/weiweianVivianyiheijifulinshideshenti140P/
竹帘前黝黑肌肤的美体模特艾拉Ayla1[30P],http://www.hf1z.com/html/11/zhulianqianyiheijifudemeitimoteailaAyla130P/
天国的阶梯StairwayToHeaven性感的模特莫妮卡Monika[33P],http://www.hf1z.com/html/11/tianguodejietiStairwayToHeavenxinggandemotemonikaMonika33P/
休息室Lounge马尔塔Marta丰硕美乳艺术写真[39P],http://www.hf1z.com/html/11/xiuxishiLoungemaertaMartafengshuomeiruyishuxiezhen39P/
夕阳下的性感美女[21P],http://www.hf1z.com/html/11/xiyangxiadexingganmeinv21P/
乌克兰小美女（四）[30P],http://www.hf1z.com/html/11/wukelanxiaomeinvsi30P/
性感的骚狂等着你来安慰[15P],http://www.hf1z.com/html/11/xinggandesaokuangdengzhuonilaianwei15P/
西洋骚女（一）Abigail Mac[23P],http://www.hf1z.com/html/11/xiyangsaonvyiAbigailMac23P/
她輕輕拉下牛仔褲拉鏈[10P],http://www.hf1z.com/html/11/taqingqinglaxianiuzixuanlalian10P/
太美了，欧美难得一见的极品女人啊[20P],http://www.hf1z.com/html/11/taimeiliaooumeinandeyijiandejipinnvrena20P/
网格黑丝的诱惑，外加一个好穴！[16P],http://www.hf1z.com/html/11/wanggeheisideyouhuowaijiayigehaoxue16P/
回眸笑靥浪千叠[16P],http://www.hf1z.com/html/11/huimouxiaoyanlangqiandie16P/
竹帘前黝黑肌肤的美体模特艾拉Ayla2[20P],http://www.hf1z.com/html/11/zhulianqianyiheijifudemeitimoteailaAyla220P/
各种性感妩媚的姿势，让勾魂的眼神让你神魂颠倒[16P],http://www.hf1z.com/html/11/gezhongxingganwumeidezishiranggouhundeyanshenrangnishenhundiandao16P/
躺在绿色春亚纺GreenPongee上米开拉Micaela2[17P],http://www.hf1z.com/html/11/tangzailvsechunyafangGreenPongeeshangmikailaMicaela217P/
脱了白丝网袜晒日光浴让大伙看看BB[20P],http://www.hf1z.com/html/11/tuoliaobaisiwangwashairiguangyurangdahuokankanBB20P/
各种性感妩媚的姿势，让勾魂的眼神让你神魂颠倒[16P],http://www.hf1z.com/html/11/gezhongxingganwumeidezishiranggouhundeyanshenrangnishenhundiandao16P/
回眸笑靥浪千叠[16P],http://www.hf1z.com/html/11/huimouxiaoyanlangqiandie16P/
carla_cox散发青春朝气的身体--2[28P],http://www.hf1z.com/html/11/carlacoxsanfaqingchunchaoqideshenti228P/
青涩小妹真叫人受不鸟[12P],http://www.hf1z.com/html/11/qingsexiaomeizhenjiaorenshoubuniao12P/
Caprice挺拔的身体新鲜Fresh惬意的生活[30P],http://www.hf1z.com/html/11/CapricetingbadeshentixinxianFreshqieyideshenghuo30P/
姑娘迷人的笑[16P],http://www.hf1z.com/html/11/guniangmirendexiao16P/
白嫩水灵，极品美女[14P],http://www.hf1z.com/html/11/bainenshuilingjipinmeinv14P/
迷人的玉体 有种强烈的冲动[15P],http://www.hf1z.com/html/11/mirendeyutiyouzhongqiangliedechongdong15P/
巨乳天使身材清纯脸蛋[10P],http://www.hf1z.com/html/11/jurutianshishencaiqingchunliandan10P/
乱发丛中大蝴蝶[16P],http://www.hf1z.com/html/11/luanfacongzhongdahudie16P/
婀娜多姿，美不胜收[20P],http://www.hf1z.com/html/11/enaduozimeibushengshou20P/
竹帘前黝黑肌肤的美体模特艾拉Ayla2[20P],http://www.hf1z.com/html/11/zhulianqianyiheijifudemeitimoteailaAyla220P/
水边的性感女神[11P],http://www.hf1z.com/html/11/shuibiandexinggannvshen11P/
笑的这么灿烂是想给人干吗[18P],http://www.hf1z.com/html/11/xiaodezhemecanlanshixianggeirenganma18P/
屁股雪白肥美超正美女啊[19P],http://www.hf1z.com/html/11/piguxuebaifeimeichaozhengmeinva19P/
美体模特莉莲Liliane燃烧的心BurningHeart1[30P],http://www.hf1z.com/html/11/meitimotelilianLilianeranshaodexinBurningHeart130P/
性感美女浴室里的妖骚诱惑[22P],http://www.hf1z.com/html/11/xingganmeinvyushilideyaosaoyouhuo22P/
坐在米色Beige洗手台上的锑Mony2[17P],http://www.hf1z.com/html/11/zuozaimiseBeigexishoutaishangdetiMony217P/
90后欧美嫩模全裸秀私房照[24P],http://www.hf1z.com/html/11/90hououmeinenmoquanluoxiusifangzhao24P/
carla_cox散发青春朝气的身体--1[40P],http://www.hf1z.com/html/11/carlacoxsanfaqingchunchaoqideshenti140P/
白嫩美女激战黑鬼[15P],http://www.hf1z.com/html/11/bainenmeinvjizhanheigui15P/
性感美女 漫步在林間[19P],http://www.hf1z.com/html/11/xingganmeinvmanbuzailinjian19P/
诱惑难挡的性感丰满金发美女[11P],http://www.hf1z.com/html/11/youhuonandangdexingganfengmanjinfameinv11P/
欲火烧身啊，方开那棍子让我来[17P],http://www.hf1z.com/html/11/yuhuoshaoshenafangkainagunzirangwolai17P/
实在让人想立马干死她太性感诱惑了[15P],http://www.hf1z.com/html/11/shizairangrenxianglimagansitataixingganyouhuoliao15P/
穴毛稀疏~陰唇好漂亮唷[15P],http://www.hf1z.com/html/11/xuemaoxishuanchunhaopiaoliangyo15P/
性感小野猫的白网丝袜[20P],http://www.hf1z.com/html/11/xingganxiaoyemaodebaiwangsiwa20P/
休息室Lounge里模特珍妮Jenny拍美体秀-2[40P],http://www.hf1z.com/html/11/xiuxishiLoungelimotezhenniJennypaimeitixiu240P/
好百好美好高好性感, 天生丽质窈窕美女[27P],http://www.hf1z.com/html/11/haobaihaomeihaogaohaoxinggantianshenglizhiyaotiaomeinv27P/
亚洲韵味的美女cassidy[37P],http://www.hf1z.com/html/11/yazhouyunweidemeinvcassidy37P/
花季嫩屄[20P],http://www.hf1z.com/html/11/huajinenbi20P/
阳光Sunray下模特克拉拉Clara美体写真[33P],http://www.hf1z.com/html/11/yangguangSunrayxiamotekelalaClarameitixiezhen33P/
穴毛稀疏~陰唇好漂亮唷[15P],http://www.hf1z.com/html/11/xuemaoxishuanchunhaopiaoliangyo15P/
淫荡美女 圆润奶子 何时能满足了她[16P],http://www.hf1z.com/html/11/yindangmeinvyuanrunnaiziheshinengmanzuliaota16P/
性感小野猫的白网丝袜[20P],http://www.hf1z.com/html/11/xingganxiaoyemaodebaiwangsiwa20P/
休息室Lounge里模特珍妮Jenny拍美体秀-2[40P],http://www.hf1z.com/html/11/xiuxishiLoungelimotezhenniJennypaimeitixiu240P/
眼神轻佻的豌豆公主[18P],http://www.hf1z.com/html/11/yanshenqingdiaodewandougongzhu18P/
长条椅子上的模特爱丽丝Alice美体写真[26P],http://www.hf1z.com/html/11/changtiaoyizishangdemoteailisiAlicemeitixiezhen26P/
极品迷人美貌那饱满巨乳大波诱人身材[15P],http://www.hf1z.com/html/11/jipinmirenmeimaonabaomanjurudaboyourenshencai15P/
阳光、沙滩、海水、美女[13P],http://www.hf1z.com/html/11/yangguangshatanhaishuimeinv13P/
一对E罩的美乳让人爱不释手想要摸[20P],http://www.hf1z.com/html/11/yiduiEzhaodemeirurangrenaibushishouxiangyaomo20P/
很有个性的美女，连底毛都那么的个性独特[20P],http://www.hf1z.com/html/11/henyougexingdemeinvliandimaodunamedegexingdute20P/
躺着别动让我来帮你[15P],http://www.hf1z.com/html/11/tangzhuobiedongrangwolaibangni15P/
岩洞内硕乳美体模特维维安Vivian2[23P],http://www.hf1z.com/html/11/yandongneishuorumeitimoteweiweianVivian223P/
小溪边火辣美女的诱惑[13P],http://www.hf1z.com/html/11/xiaoxibianhuolameinvdeyouhuo13P/
休息室Lounge里模特珍妮Jenny拍美体秀-3[21P],http://www.hf1z.com/html/11/xiuxishiLoungelimotezhenniJennypaimeitixiu321P/
好百好美好高好性感, 天生丽质窈窕美女[27P],http://www.hf1z.com/html/11/haobaihaomeihaogaohaoxinggantianshenglizhiyaotiaomeinv27P/
洁白无暇的肌肤性感抚媚的身材粉红的小穴美女真诱人[10P],http://www.hf1z.com/html/11/jiebaiwuxiadejifuxingganfumeideshencaifenhongdexiaoxuemeinvzhenyouren10P/
met art 的模特jennia[20P],http://www.hf1z.com/html/11/metartdemotejennia20P/
[Playboy][06.11] Kaycee Ryan in Sauna Sweat [30P],http://www.hf1z.com/html/11/Playboy0611KayceeRyaninSaunaSweat30P/
大波艳女的咪咪夹住会爽翻[15P],http://www.hf1z.com/html/11/daboyannvdemaimaijiazhuhuishuangfan15P/
可想而知又漂亮又性感迷人的美女帮你口交是什幺样的感觉[20P],http://www.hf1z.com/html/11/kexiangerzhiyoupiaoliangyouxingganmirendemeinvbangnikoujiaoshishimiyangdeganjue20P/
大奶美女享受肉棒给她的快感不知情的张开的小嘴[16P],http://www.hf1z.com/html/11/danaimeinvxiangshouroubanggeitadekuaiganbuzhiqingdezhangkaidexiaozui16P/
性感妖娆的美貌那迷人的身材真苗条还有那无毛小穴好嫩[15P],http://www.hf1z.com/html/11/xingganyaoraodemeimaonamirendeshencaizhenmiaotiaohuanyounawumaoxiaoxuehaonen15P/
欧美一男干三女绝对包射[18P],http://www.hf1z.com/html/11/oumeiyinangansannvjueduibaoshe18P/
非常气质漂亮的人妻丰满的身材被肉棒擦出白浆好激情[14P],http://www.hf1z.com/html/11/feichangqizhipiaoliangderenqifengmandeshencaibeiroubangcachubaijianghaojiqing14P/
绝美空姐VIP专机上的双飞服务[16P],http://www.hf1z.com/html/11/juemeikongjieVIPzhuanjishangdeshuangfeifuwu16P/
美女让人觉得蛮诱人[16P],http://www.hf1z.com/html/11/meinvrangrenjuedemanyouren16P/
极品美乳性感翘臀这完美身材让你看着都诱惑[14P],http://www.hf1z.com/html/11/jipinmeiruxingganqiaotunzhewanmeishencairangnikanzhuoduyouhuo14P/
妖艳性感人妻那无毛骚穴被出大的阴茎抽插着好想很舒服[20P],http://www.hf1z.com/html/11/yaoyanxingganrenqinawumaosaoxuebeichudadeyinjingchouchazhuohaoxianghenshufu20P/
出诊医生的艳遇[16P],http://www.hf1z.com/html/11/chuzhenyishengdeyanyu16P/
妖娆诱人的美貌那粉红鲜美的木耳让看到都会勃起[10P],http://www.hf1z.com/html/11/yaoraoyourendemeimaonafenhongxianmeidemuerrangkandaoduhuiboqi10P/
极品性感漂亮的巨乳那条乳沟好深奶头好粉[12P],http://www.hf1z.com/html/11/jipinxingganpiaoliangdejurunatiaorugouhaoshennaitouhaofen12P/
性感妖艳人妻下面的粉木耳被出大的肉棒塞满[14P],http://www.hf1z.com/html/11/xingganyaoyanrenqixiamiandefenmuerbeichudaderoubangsaiman14P/
能双飞这两个妹妹真幸福[14P],http://www.hf1z.com/html/11/nengshuangfeizhelianggemeimeizhenxingfu14P/
淫荡人妻在家寂寞空虚在花园浇个花都能性欲大发[13P],http://www.hf1z.com/html/11/yindangrenqizaijiajimokongxuzaihuayuanjiaogehuadunengxingyudafa13P/
特蕾西一的美穴[15P],http://www.hf1z.com/html/11/teleixiyidemeixue15P/
白洋装人妻展露粉嫩美穴[15P],http://www.hf1z.com/html/11/baiyangzhuangrenqizhanlufennenmeixue15P/
持械黑衣双枪得宠[16P],http://www.hf1z.com/html/11/chixieheiyishuangqiangdechong16P/
漂亮性感美女就这样被大叔挑逗的无法自拔性欲望大发[14P],http://www.hf1z.com/html/11/piaoliangxingganmeinvjiuzheyangbeidashutiaodoudewufazibaxingyuwangdafa14P/
抚媚妖娆美女那诱人大波性感苗条小蛮腰[13P],http://www.hf1z.com/html/11/fumeiyaoraomeinvnayourendaboxingganmiaotiaoxiaomanyao13P/
斯文眼镜女竟然这么猛[15P],http://www.hf1z.com/html/11/siwenyanjingnvjingranzhememeng15P/
学生妹在走廊舔鸡巴[12P],http://www.hf1z.com/html/11/xueshengmeizaizoulangtianjiba12P/
性感辣妹好身材激情[12P],http://www.hf1z.com/html/11/xingganlameihaoshencaijiqing12P/
性感小女友打炮超刺激[12P],http://www.hf1z.com/html/11/xingganxiaonvyoudapaochaociji12P/
骚货喜欢交黑人男友[16P],http://www.hf1z.com/html/11/saohuoxihuanjiaoheirennanyou16P/
Start 服务生必须满足宾客的所有要求[15P],http://www.hf1z.com/html/11/Startfuwushengbixumanzubinkedesuoyouyaoqiu15P/
我要是那猛男就好了能操到两位黑丝性感美女一辈子也值得了[13P],http://www.hf1z.com/html/11/woyaoshinamengnanjiuhaoliaonengcaodaoliangweiheisixingganmeinvyibeiziyezhideliao13P/
漂亮白嫩美女与男友性感妖娆的性爱[12P],http://www.hf1z.com/html/11/piaoliangbainenmeinvyunanyouxingganyaoraodexingai12P/
上課睡覺引起的嚴重后果[15P],http://www.hf1z.com/html/11/shangzhashuiyinyinqideyanzhonghouguo15P/
性感巨乳美貌看到男友的超大肉棒都惊呆了[11P],http://www.hf1z.com/html/11/xingganjurumeimaokandaonanyoudechaodaroubangdujingdailiao11P/
两位性感火辣的美女饥渴的等着肉棒操她们骚穴[15P],http://www.hf1z.com/html/11/liangweixingganhuolademeinvjikededengzhuoroubangcaotamensaoxue15P/
丰满大奶纹身女激情的做爱肉棒上磨蹭看着就好猛[12P],http://www.hf1z.com/html/11/fengmandanaiwenshennvjiqingdezuoairoubangshangmocengkanzhuojiuhaomeng12P/
这两姐妹就连做爱都一起要是我是那男的多好[13P],http://www.hf1z.com/html/11/zheliangjiemeijiulianzuoaiduyiqiyaoshiwoshinanandeduohao13P/
让娇妻好好伺候我[15P],http://www.hf1z.com/html/11/rangjiaoqihaohaosihouwo15P/
继母的诱惑-妈妈有大奶[15P],http://www.hf1z.com/html/11/jimudeyouhuomamayoudanai15P/
巨乳女真是波涛胸涌[15P],http://www.hf1z.com/html/11/jurunvzhenshibotaoxiongyong15P/
妖艳性感美貌挑战极品超长黑人的粗大肉棒[12P],http://www.hf1z.com/html/11/yaoyanxingganmeimaotiaozhanjipinchaochangheirendecudaroubang12P/
老板看着极品爆乳女秘书欲望大发在办公室脱掉就是干[10P],http://www.hf1z.com/html/11/laobankanzhuojipinbaorunvmishuyuwangdafazaibangongshituodiaojiushigan10P/
小黑妞照样玩的爽[15P],http://www.hf1z.com/html/11/xiaoheihaozhaoyangwandeshuang15P/
为什么外国女人都爱吸鸡巴[15P],http://www.hf1z.com/html/11/weishimewaiguonvrenduaixijiba15P/
金发西女爱多P[15P],http://www.hf1z.com/html/11/jinfaxinvaiduoP15P/
乱伦双飞母亲和女儿[28P],http://www.hf1z.com/html/11/luanlunshuangfeimuqinhenver28P/
对于熟妇老大你双飞累吗[10P],http://www.hf1z.com/html/11/duiyushufulaodanishuangfeileima10P/
和情妇在泳池逍遥快活[12P],http://www.hf1z.com/html/11/heqingfuzaiyongchixiaoyaokuaihuo12P/
狂插巨乳妇人才是真正的度假[12P],http://www.hf1z.com/html/11/kuangchajurufurencaishizhenzhengdedujia12P/
白嫩干净的居家人妻这粉嫩诱人的小穴掰开能看到里面好红润[12P],http://www.hf1z.com/html/11/bainenganjingdejujiarenqizhefennenyourendexiaoxuebaikainengkandaolimianhaohongrun12P/
美女的诱惑[12P],http://www.hf1z.com/html/11/meinvdeyouhuo12P/
美貌性感白色丝袜腿诱人美乳肥臀[12P],http://www.hf1z.com/html/11/meimaoxingganbaisesiwatuiyourenmeirufeitun12P/
极品大波美女性感抚媚身姿[15P],http://www.hf1z.com/html/11/jipindabomeinvxingganfumeishenzi15P/
天然美女[16P],http://www.hf1z.com/html/11/tianranmeinv16P/
LatinaGf口吹,http://www.hf1z.com/html/11/LatinaGfkouchui/
金丝长发美女那无毛嫩逼好诱人那丰满的咪咪好大[16P],http://www.hf1z.com/html/11/jinsichangfameinvnawumaonenbihaoyourennafengmandemaimaihaoda16P/
太诱惑了这火辣身材美貌黑丝透明内裤诱惑[12P],http://www.hf1z.com/html/11/taiyouhuoliaozhehuolashencaimeimaoheisitoumingneikuyouhuo12P/
最喜欢欧美那诱人的身姿粉嫩性感的小穴了[10P],http://www.hf1z.com/html/11/zuixihuanoumeinayourendeshenzifennenxinggandexiaoxueliao10P/
伊沙贝尔[一][24P],http://www.hf1z.com/html/11/yishabeieryi24P/
妖娆性感美貌完美身材诱惑[15P],http://www.hf1z.com/html/11/yaoraoxingganmeimaowanmeishencaiyouhuo15P/
美女这对极品巨乳又大又圆让人看得好想摸[15P],http://www.hf1z.com/html/11/meinvzheduijipinjuruyoudayouyuanrangrenkandehaoxiangmo15P/
白雪公主Stoya 3P[12P],http://www.hf1z.com/html/11/baixuegongzhuStoya3P12P/
超粗长的极品黑肉棒被性感美貌征服[15P],http://www.hf1z.com/html/11/chaocuchangdejipinheiroubangbeixingganmeimaozhengfu15P/
充满亲和力的大乳妹纸[14P],http://www.hf1z.com/html/11/chongmanqinhelidedarumeizhi14P/
洁白无瑕的肌肤粉嫩诱人的美穴美女实在是诱人心魂[15P],http://www.hf1z.com/html/11/jiebaiwuxiadejifufennenyourendemeixuemeinvshizaishiyourenxinhun15P/
春梅绽雪世无双[38P],http://www.hf1z.com/html/11/chunmeizhanxueshiwushuang38P/
诱人美体诱人屄[15P],http://www.hf1z.com/html/11/yourenmeitiyourenbi15P/
风骚美妞海边展露美体[15P],http://www.hf1z.com/html/11/fengsaomeihaohaibianzhanlumeiti15P/
维卡[30P],http://www.hf1z.com/html/11/weika30P/
补习老师搞上学生妹子[16P],http://www.hf1z.com/html/11/buxilaoshigaoshangxueshengmeizi16P/
大哥身体强壮才能玩双飞吧[16P],http://www.hf1z.com/html/11/dageshentiqiangzhuangcainengwanshuangfeiba16P/
晨练回来的美女[15P],http://www.hf1z.com/html/11/chenlianhuilaidemeinv15P/
布兰妮[24P],http://www.hf1z.com/html/11/bulanni24P/
东洋鬼子干留学欧妹[15P],http://www.hf1z.com/html/11/dongyangguiziganliuxueoumei15P/
Aislin - Bolete[25P],http://www.hf1z.com/html/11/AislinBolete25P/
欧美MM人漂亮身材前凸后翘诱惑[14P],http://www.hf1z.com/html/11/oumeiMMrenpiaoliangshencaiqiantuhouqiaoyouhuo14P/
如此妖艳性感诱惑的美貌这身材真苗条那小穴真嫩[10P],http://www.hf1z.com/html/11/ruciyaoyanxingganyouhuodemeimaozheshencaizhenmiaotiaonaxiaoxuezhennen10P/
这护士也病得不轻[15P],http://www.hf1z.com/html/11/zhehushiyebingdebuqing15P/
美女Karissa[12P],http://www.hf1z.com/html/11/meinvKarissa12P/
超长肉棒给美女来一次免费精液面膜好刺激[12P],http://www.hf1z.com/html/11/chaochangroubanggeimeinvlaiyicimianfeijingyemianmohaociji12P/
超靓的童颜少女口交被射[16P],http://www.hf1z.com/html/11/chaojingdetongyanshaonvkoujiaobeishe16P/
这美女不穿内裤是不是为了勾引老师[15P],http://www.hf1z.com/html/11/zhemeinvbuchuanneikushibushiweiliaogouyinlaoshi15P/
漂亮美女火辣身材好黑的阴唇与奶头[14P],http://www.hf1z.com/html/11/piaoliangmeinvhuolashencaihaoheideyinchunyunaitou14P/
超诱人的丰满巨乳美貌张开双腿坐在肉棒上感受性生活[14P],http://www.hf1z.com/html/11/chaoyourendefengmanjurumeimaozhangkaishuangtuizuozairoubangshangganshouxingshenghuo14P/
好喜欢外国美貌那洁白的肌肤诱人粉穴[16P],http://www.hf1z.com/html/11/haoxihuanwaiguomeimaonajiebaidejifuyourenfenxue16P/
Wideriver,http://www.hf1z.com/html/11/Wideriver/
漂亮金丝长发MM性感美乳粉嫩阴唇翘臀[14P],http://www.hf1z.com/html/11/piaoliangjinsichangfaMMxingganmeirufennenyinchunqiaotun14P/
黑也有黑的魅力[15P],http://www.hf1z.com/html/11/heiyeyouheidemeili15P/
诱人心魂巨乳人妻那对美乳就能满足你[12P],http://www.hf1z.com/html/11/yourenxinhunjururenqinaduimeirujiunengmanzuni12P/
发骚的办公室美眉[16P],http://www.hf1z.com/html/11/fasaodebangongshimeimei16P/
Selena在海边[12P],http://www.hf1z.com/html/11/Selenazaihaibian12P/
古宅里的模特Arina,http://www.hf1z.com/html/11/guzhailidemoteArina/
这性感骚女黑丝诱惑撸管必备诱惑[13P],http://www.hf1z.com/html/11/zhexinggansaonvheisiyouhuoluguanbibeiyouhuo13P/
Isabella造爱,http://www.hf1z.com/html/11/Isabellazaoai/
大白天在家爆操娇妻[16P],http://www.hf1z.com/html/11/dabaitianzaijiabaocaojiaoqi16P/
金丝长发美貌抚媚妖娆的魔鬼身材诱人粉色奶头[15P],http://www.hf1z.com/html/11/jinsichangfameimaofumeiyaoraodemoguishencaiyourenfensenaitou15P/
野性猛男的双飞燕[20P],http://www.hf1z.com/html/11/yexingmengnandeshuangfeiyan20P/
朦胧细腻油亮艺术模特Susana,http://www.hf1z.com/html/11/manglongxiniyouliangyishumoteSusana/
钢琴女孩丰采Zhanet,http://www.hf1z.com/html/11/gangqinnvhaifengcaiZhanet/
海边美鲍鱼[14P],http://www.hf1z.com/html/11/haibianmeibaoyu14P/
绿池边的标致美女儿[16P],http://www.hf1z.com/html/11/lvchibiandebiaozhimeinver16P/
超級粉嫩的蜜屄[20P],http://www.hf1z.com/html/11/chaojifennendemibi20P/
这洋妞看着真正点，咪咪鲍鱼都鲜嫩可口啊[19P],http://www.hf1z.com/html/11/zheyanghaokanzhuozhenzhengdianmaimaibaoyuduxiannenkekoua19P/
躺在绿色春亚纺GreenPongee上米开拉Micaela1[30P],http://www.hf1z.com/html/11/tangzailvsechunyafangGreenPongeeshangmikailaMicaela130P/
懸崖邊的絕美模特[24P],http://www.hf1z.com/html/11/xuanyabiandejianmeimote24P/
超級粉嫩的蜜屄[20P],http://www.hf1z.com/html/11/chaojifennendemibi20P/
洋妞的翘臀，太翘了[20P],http://www.hf1z.com/html/11/yanghaodeqiaotuntaiqiaoliao20P/
密林深处让人无比鸡冻[16P],http://www.hf1z.com/html/11/milinshenchurangrenwubijidong16P/
欧洲少妇雪地性感极度诱惑啊[20P],http://www.hf1z.com/html/11/ouzhoushaofuxuedixingganjiduyouhuoa20P/
甜美迷人的笑容[11P],http://www.hf1z.com/html/11/tianmeimirendexiaorong11P/
丰满雪白的咪咪欧美粉嫩的木耳[19P],http://www.hf1z.com/html/11/fengmanxuebaidemaimaioumeifennendemuer19P/
火爆的身材，粉嫩的骚屄[33P],http://www.hf1z.com/html/11/huobaodeshencaifennendesaobi33P/
这洋妞看着真正点，咪咪鲍鱼都鲜嫩可口啊[19P],http://www.hf1z.com/html/11/zheyanghaokanzhuozhenzhengdianmaimaibaoyuduxiannenkekoua19P/
火爆的身材，粉嫩的骚屄[33P],http://www.hf1z.com/html/11/huobaodeshencaifennendesaobi33P/
丰满肥嫩鲍鱼张开腿让你看清晰[14P],http://www.hf1z.com/html/11/fengmanfeinenbaoyuzhangkaituirangnikanqingxi14P/
腿长高挑丰满女[16P],http://www.hf1z.com/html/11/tuichanggaotiaofengmannv16P/
丰满肥嫩鲍鱼张开腿让你看清晰[14P],http://www.hf1z.com/html/11/fengmanfeinenbaoyuzhangkaituirangnikanqingxi14P/
躺在绿色春亚纺GreenPongee上米开拉Micaela1[30P],http://www.hf1z.com/html/11/tangzailvsechunyafangGreenPongeeshangmikailaMicaela130P/
好美的穴好想干一炮[10P],http://www.hf1z.com/html/11/haomeidexuehaoxiangganyipao10P/
典型西方美女非常的漂亮，看上去好美[16P],http://www.hf1z.com/html/11/dianxingxifangmeinvfeichangdepiaoliangkanshangquhaomei16P/
乌克兰唯美少女之沙漠篇[17P],http://www.hf1z.com/html/11/wukelanweimeishaonvzhishamopian17P/
好美的穴好想干一炮[10P],http://www.hf1z.com/html/11/haomeidexuehaoxiangganyipao10P/
NBA罗德曼前妻艳照[31P],http://www.hf1z.com/html/11/NBAluodemanqianqiyanzhao31P/
腿长高挑丰满女[16P],http://www.hf1z.com/html/11/tuichanggaotiaofengmannv16P/
熟妇的乳房巨大[25P],http://www.hf1z.com/html/11/shufuderufangjuda25P/
性感十足的欧美MM白嫩娇身美乳粉木耳[15P],http://www.hf1z.com/html/11/xingganshizudeoumeiMMbainenjiaoshenmeirufenmuer15P/
欧美性感美女巨乳肥臀前凸后翘身材[15P],http://www.hf1z.com/html/11/oumeixingganmeinvjurufeitunqiantuhouqiaoshencai15P/
美女猛吸猛男鸡吧[13P],http://www.hf1z.com/html/11/meinvmengximengnanjiba13P/
熟妇美胸好模样[12P],http://www.hf1z.com/html/11/shufumeixionghaomoyang12P/
骚女老师代教性功课[16P],http://www.hf1z.com/html/11/saonvlaoshidaijiaoxinggongke16P/
性感火辣人妻魔鬼的身材不停的用水冲打着骚穴好想很舒服[12P],http://www.hf1z.com/html/11/xingganhuolarenqimoguideshencaibutingdeyongshuichongdazhuosaoxuehaoxianghenshufu12P/
妖艳性感极品巨乳性感丝袜美女魔鬼肉感身材[10P],http://www.hf1z.com/html/11/yaoyanxingganjipinjuruxinggansiwameinvmoguirouganshencai10P/
诱人美女这粉嫩美乳性感身材好诱人[13P],http://www.hf1z.com/html/11/yourenmeinvzhefennenmeiruxingganshencaihaoyouren13P/
修长美女与壮汉的SM游戏[15P],http://www.hf1z.com/html/11/xiuchangmeinvyuzhuanghandeSMyouxi15P/
性感火辣纹身美女这妖艳诱人的身材做爱都是那么猛[11P],http://www.hf1z.com/html/11/xingganhuolawenshenmeinvzheyaoyanyourendeshencaizuoaidushinamemeng11P/
骚妹子只身战四狼[18P],http://www.hf1z.com/html/11/saomeizizhishenzhansilang18P/
妖艳巨乳少妇就喜欢这种又粗又长的肉棒能满足她[11P],http://www.hf1z.com/html/11/yaoyanjurushaofujiuxihuanzhezhongyoucuyouchangderoubangnengmanzuta11P/
性感火辣的人妻那丰满的巨乳好诱人乳交肯定爽爆了[12P],http://www.hf1z.com/html/11/xingganhuoladerenqinafengmandejuruhaoyourenrujiaokendingshuangbaoliao12P/
邀请美女喝咖啡日屄[15P],http://www.hf1z.com/html/11/yaoqingmeinvhekafeiribi15P/
年轻貌美的美女长得很像芭比娃娃小穴好粉[10P],http://www.hf1z.com/html/11/nianqingmaomeidemeinvchangdehenxiangbabiwawaxiaoxuehaofen10P/
漂亮的金丝长发美貌诱人的身材坐在肉棒上那表情好迷人[15P],http://www.hf1z.com/html/11/piaoliangdejinsichangfameimaoyourendeshencaizuozairoubangshangnabiaoqinghaomiren15P/
美女翘着那巨臀肉棒在她那嫩穴来回冲撞[15P],http://www.hf1z.com/html/11/meinvqiaozhuonajutunroubangzaitananenxuelaihuichongzhuang15P/
这么苗条性感的人妻性欲望好强掰开骚穴让你擦[17P],http://www.hf1z.com/html/11/zhememiaotiaoxingganderenqixingyuwanghaoqiangbaikaisaoxuerangnica17P/
饥渴的少妇巨乳调戏客人安慰她那骚穴最后被射满嘴精液[15P],http://www.hf1z.com/html/11/jikedeshaofujurudiaoxikerenanweitanasaoxuezuihoubeishemanzuijingye15P/
极品性感巨乳美貌那肉感身材真的是让人好想摸[15P],http://www.hf1z.com/html/11/jipinxingganjurumeimaonarouganshencaizhendeshirangrenhaoxiangmo15P/
漂亮白嫩的美女那迷人的小嘴含着肉棒真迷人[15P],http://www.hf1z.com/html/11/piaoliangbainendemeinvnamirendexiaozuihanzhuoroubangzhenmiren15P/
强壮猛男与两位性感姐妹花的性爱好诱人[15P],http://www.hf1z.com/html/11/qiangzhuangmengnanyuliangweixingganjiemeihuadexingaihaoyouren15P/
这美貌真猛骚穴与肛门一起让肉棒擦入[11P],http://www.hf1z.com/html/11/zhemeimaozhenmengsaoxueyugangmenyiqirangroubangcaru11P/
大奶秘书需要俩个猛男[16P],http://www.hf1z.com/html/11/danaimishuxuyaoliagemengnan16P/
小妹子翘起美臀深入[15P],http://www.hf1z.com/html/11/xiaomeiziqiaoqimeitunshenru15P/
射在性感美女翘臀上[12P],http://www.hf1z.com/html/11/shezaixingganmeinvqiaotunshang12P/
谈完正事再来做性事[15P],http://www.hf1z.com/html/11/tanwanzhengshizailaizuoxingshi15P/
肥婆日起来有肉感吧[12P],http://www.hf1z.com/html/11/feiporiqilaiyourouganba12P/
练体操的美女互相满足[16P],http://www.hf1z.com/html/11/lianticaodemeinvhuxiangmanzu16P/
淫荡贫乳妹子也挺给力[15P],http://www.hf1z.com/html/11/yindangpinrumeiziyetinggeili15P/
在柴火间重口味玩双飞[15P],http://www.hf1z.com/html/11/zaichaihuojianzhongkouweiwanshuangfei15P/
歌舞厅里淫乱群交[12P],http://www.hf1z.com/html/11/gewutingliyinluanqunjiao12P/
冷艳美女很会玩枪[15P],http://www.hf1z.com/html/11/lengyanmeinvhenhuiwanqiang15P/
风骚人妻菊花紧多了[15P],http://www.hf1z.com/html/11/fengsaorenqijuhuajinduoliao15P/
少妇背着老公偷情[13P],http://www.hf1z.com/html/11/shaofubeizhuolaogongtouqing13P/
性感洗车妹免费肏[15P],http://www.hf1z.com/html/11/xingganxichemeimianfeiman15P/
极品女优新片开拍[15P],http://www.hf1z.com/html/11/jipinnvyouxinpiankaipai15P/
两男三女郊游打野战[15P],http://www.hf1z.com/html/11/liangnansannvjiaoyoudayezhan15P/
奶子丰满熟女值得一干[15P],http://www.hf1z.com/html/11/naizifengmanshunvzhideyigan15P/
C奶小骚货爽翻了[15P],http://www.hf1z.com/html/11/Cnaixiaosaohuoshuangfanliao15P/
沙发床上干性感女友[15P],http://www.hf1z.com/html/11/shafachuangshangganxinggannvyou15P/
风骚少妇就像公交车[15P],http://www.hf1z.com/html/11/fengsaoshaofujiuxianggongjiaoche15P/
美女学生被留下来补课[15P],http://www.hf1z.com/html/11/meinvxueshengbeiliuxialaibuke15P/
驾校女学员被教练干[15P],http://www.hf1z.com/html/11/jiaxiaonvxueyuanbeijiaoliangan15P/
漂亮女生被老师操[15P],http://www.hf1z.com/html/11/piaoliangnvshengbeilaoshicao15P/
草两位妖艳诱人美女[14P],http://www.hf1z.com/html/11/caoliangweiyaoyanyourenmeinv14P/
这图看了谁也淡定不了[15P],http://www.hf1z.com/html/11/zhetukanliaoshuiyedandingbuliao15P/
在新买的床上嘿咻[16P],http://www.hf1z.com/html/11/zaixinmaidechuangshangheixiao16P/
逛公园艳遇气质少妇[12P],http://www.hf1z.com/html/11/guanggongyuanyanyuqizhishaofu12P/
乳此美女好想加入战斗[15P],http://www.hf1z.com/html/11/rucimeinvhaoxiangjiaruzhandou15P/
【高清大图】清纯小姑娘回味无穷[36P],http://www.hf1z.com/html/11/gaoqingdatuqingchunxiaogunianghuiweiwuqiong36P/
女高中生兼职出来卖[15P],http://www.hf1z.com/html/11/nvgaozhongshengjianzhichulaimai15P/
这个地毯打炮专用[15P],http://www.hf1z.com/html/11/zhegeditandapaozhuanyong15P/
爆乳少妇做爱疯狂[18P],http://www.hf1z.com/html/11/baorushaofuzuoaifengkuang18P/
熟女不可多得的激情[15P],http://www.hf1z.com/html/11/shunvbukeduodedejiqing15P/
拳王在擂台上享受双飞[13P],http://www.hf1z.com/html/11/quanwangzaileitaishangxiangshoushuangfei13P/
娇妻性欲强喂不饱[16P],http://www.hf1z.com/html/11/jiaoqixingyuqiangweibubao16P/
小姨子勾引姐夫打炮[16P],http://www.hf1z.com/html/11/xiaoyizigouyinjiefudapao16P/
火辣美女令人情不自禁[16P],http://www.hf1z.com/html/11/huolameinvlingrenqingbuzijin16P/
使劲往老婆逼里插[16P],http://www.hf1z.com/html/11/shijinwanglaopobilicha16P/
淫荡少妇大街露出找干[15P],http://www.hf1z.com/html/11/yindangshaofudajieluchuzhaogan15P/
迎接新年激情做爱[16P],http://www.hf1z.com/html/11/yingjiexinnianjiqingzuoai16P/
冰棍和肉棒哪个更好吃[13P],http://www.hf1z.com/html/11/binggunheroubangnagegenghaochi13P/
多么性福的三口之家[13P],http://www.hf1z.com/html/11/duomexingfudesankouzhijia13P/
窗户外偷看的下场[14P],http://www.hf1z.com/html/11/chuanghuwaitoukandexiachang14P/
极品尤物很是风骚[18P],http://www.hf1z.com/html/11/jipinyouwuhenshifengsao18P/
几天没回娇妻已经穴痒难耐[16P],http://www.hf1z.com/html/11/jitianmeihuijiaoqiyijingxueyangnannai16P/
性感中带有纯真的嫩妹[14P],http://www.hf1z.com/html/11/xingganzhongdaiyouchunzhendenenmei14P/
都想着玩玩对方老婆[12P],http://www.hf1z.com/html/11/duxiangzhuowanwanduifanglaopo12P/
这个节目真的太精彩了[12P],http://www.hf1z.com/html/11/zhegejiemuzhendetaijingcailiao12P/
艳丽红发女不可方物[13P],http://www.hf1z.com/html/11/yanlihongfanvbukefangwu13P/
偷看人家亲热忍不住了[13P],http://www.hf1z.com/html/11/toukanrenjiaqinrerenbuzhuliao13P/
萝莉嫩妹功夫很好的哦[12P],http://www.hf1z.com/html/11/luolinenmeigongfuhenhaodeo12P/
少妇躲在杂物间偷情[16P],http://www.hf1z.com/html/11/shaofuduozaizawujiantouqing16P/
当个健身教练真好[12P],http://www.hf1z.com/html/11/danggejianshenjiaolianzhenhao12P/
客厅爆操大奶成熟娇妻[16P],http://www.hf1z.com/html/11/ketingbaocaodanaichengshujiaoqi16P/
激情诱惑的两个美貌与猛男性爱各种姿势欲射美女[18P],http://www.hf1z.com/html/11/jiqingyouhuodelianggemeimaoyumengnanxingaigezhongzishiyushemeinv18P/
欧美性感美貌前凸后翘火辣身材真美[15P],http://www.hf1z.com/html/11/oumeixingganmeimaoqiantuhouqiaohuolashencaizhenmei15P/
抚媚性感人妻饱满美乳性感身材漂亮脸蛋[17P],http://www.hf1z.com/html/11/fumeixingganrenqibaomanmeiruxingganshencaipiaoliangliandan17P/
雅典娜瑜珈乱性[15P],http://www.hf1z.com/html/11/yadiannayujialuanxing15P/
火辣妖娆身材美女各种诱人骚姿[15P],http://www.hf1z.com/html/11/huolayaoraoshencaimeinvgezhongyourensaozi15P/
骚货就是喜欢打扑克 纹身都是个黑桃 [20P],http://www.hf1z.com/html/11/saohuojiushixihuandapukewenshendushigeheitao20P/
极品完美身材女神诱人透明蕾丝内衣[13P],http://www.hf1z.com/html/11/jipinwanmeishencainvshenyourentoumingleisineiyi13P/
芭蕾舞女的特殊性爱[16P],http://www.hf1z.com/html/11/baleiwunvdeteshuxingai16P/
欧美爱爱图4,http://www.hf1z.com/html/11/oumeiaiaitu4/
好喜欢欧美性感美女身材苗条诱人美乳嫩穴[17P],http://www.hf1z.com/html/11/haoxihuanoumeixingganmeinvshencaimiaotiaoyourenmeirunenxue17P/
Amelie碧眼美女[12P],http://www.hf1z.com/html/11/Ameliebiyanmeinv12P/
妖艳性感火辣骨感身材美女这小蛮腰真苗条[15P],http://www.hf1z.com/html/11/yaoyanxingganhuolaguganshencaimeinvzhexiaomanyaozhenmiaotiao15P/
娇小身材的美貌最喜欢用观音坐莲这招[15P],http://www.hf1z.com/html/11/jiaoxiaoshencaidemeimaozuixihuanyongguanyinzuolianzhezhao15P/
金丝长发美女张开迷人的双腿那粉木耳细缝真诱人[12P],http://www.hf1z.com/html/11/jinsichangfameinvzhangkaimirendeshuangtuinafenmuerxifengzhenyouren12P/
伊沙贝尔[二][30P],http://www.hf1z.com/html/11/yishabeierer30P/
大奶秘书在哪都很吃香[15P],http://www.hf1z.com/html/11/danaimishuzainaduhenchixiang15P/
这性感巨乳妖娆身材好丰满[15P],http://www.hf1z.com/html/11/zhexingganjuruyaoraoshencaihaofengman15P/
妹妹这幺美丽动人[20P],http://www.hf1z.com/html/11/meimeizhemimeilidongren20P/
长发女神诱惑洁白无暇的肌肤苗条身材[18P],http://www.hf1z.com/html/11/changfanvshenyouhuojiebaiwuxiadejifumiaotiaoshencai18P/
妖艳金丝长发美女那粉嫩小穴被肉棒猛擦[18P],http://www.hf1z.com/html/11/yaoyanjinsichangfameinvnafennenxiaoxuebeiroubangmengca18P/
强烈的视觉冲击黑白[10P],http://www.hf1z.com/html/11/qiangliedeshijuechongjiheibai10P/
海边极品巨乳妖艳美穴美女晒太阳这身材真的是完美[15P],http://www.hf1z.com/html/11/haibianjipinjuruyaoyanmeixuemeinvshaitaiyangzheshencaizhendeshiwanmei15P/
性感美貌户外性感秀身材白嫩肌肤好美[15P],http://www.hf1z.com/html/11/xingganmeimaohuwaixingganxiushencaibainenjifuhaomei15P/
黑色激情奶子女[15P],http://www.hf1z.com/html/11/heisejiqingnaizinv15P/
招站街女回家双飞[16P],http://www.hf1z.com/html/11/zhaozhanjienvhuijiashuangfei16P/
招站街女回家双飞[16P],http://www.hf1z.com/html/11/zhaozhanjienvhuijiashuangfei16P/
妖艳性感的巨乳少妇喜欢肛交感觉超激情[16P],http://www.hf1z.com/html/11/yaoyanxinggandejurushaofuxihuangangjiaoganjuechaojiqing16P/
和性感女友夜夜春宵[16P],http://www.hf1z.com/html/11/hexinggannvyouyeyechunxiao16P/
熟妇性欲强做爱更猛[14P],http://www.hf1z.com/html/11/shufuxingyuqiangzuoaigengmeng14P/
这么玩快活似神仙[28P],http://www.hf1z.com/html/11/zhemewankuaihuosishenxian28P/
小两口在椅子上激情[14P],http://www.hf1z.com/html/11/xiaoliangkouzaiyizishangjiqing14P/
妖艳诱人的前凸后翘的美女真性感做爱真猛[10P],http://www.hf1z.com/html/11/yaoyanyourendeqiantuhouqiaodemeinvzhenxingganzuoaizhenmeng10P/
洋妞身材比较匀称吸精能力强[16P],http://www.hf1z.com/html/11/yanghaoshencaibijiaoyunchengxijingnengliqiang16P/
乳牛妹子诱男人肉棍频动[16P],http://www.hf1z.com/html/11/runiumeiziyounanrenrougunpindong16P/
宾馆开房双飞特别性奋[12P],http://www.hf1z.com/html/11/binguankaifangshuangfeitebiexingfen12P/
极品大奶女员工勾引老板办公桌上激情[10P],http://www.hf1z.com/html/11/jipindanainvyuangonggouyinlaobanbangongzhuoshangjiqing10P/
白嫩小妹这下爽了吧[14P],http://www.hf1z.com/html/11/bainenxiaomeizhexiashuangliaoba14P/
性饥渴的熟妇勾引儿子的同学来泄欲[15P],http://www.hf1z.com/html/11/xingjikedeshufugouyinerzidetongxuelaixieyu15P/
虎狼女人需要的时候[16P],http://www.hf1z.com/html/11/hulangnvrenxuyaodeshihou16P/
如此诱惑人心的巨臀美貌可想而知从后擦入是什么感觉[12P],http://www.hf1z.com/html/11/ruciyouhuorenxindejutunmeimaokexiangerzhiconghoucarushishimeganjue12P/
3个奶子的你见过吗[12P],http://www.hf1z.com/html/11/3genaizidenijianguoma12P/
妖媚女人正值如狼似虎[14P],http://www.hf1z.com/html/11/yaomeinvrenzhengzhirulangsihu14P/
极品性感巨乳秘书与帅哥老板的办公室恋情[13P],http://www.hf1z.com/html/11/jipinxingganjurumishuyushuaigelaobandebangongshilianqing13P/
活力女孩做的流白浆[16P],http://www.hf1z.com/html/11/huolinvhaizuodeliubaijiang16P/
这么性感诱人的美女口交你会忍住不往他脸色射么[11P],http://www.hf1z.com/html/11/zhemexingganyourendemeinvkoujiaonihuirenzhubuwangtaliansesheme11P/
淫荡人妻喜欢用那丰满的巨乳做爱粗大的肉棒上[15P],http://www.hf1z.com/html/11/yindangrenqixihuanyongnafengmandejuruzuoaicudaderoubangshang15P/
大奶骚妇性欲强[14P],http://www.hf1z.com/html/11/danaisaofuxingyuqiang14P/
苗条性感美女不操不行[15P],http://www.hf1z.com/html/11/miaotiaoxingganmeinvbucaobuxing15P/
熟女身材真是好棒[16P],http://www.hf1z.com/html/11/shunvshencaizhenshihaobang16P/
光头佬双飞性感姐妹[15P],http://www.hf1z.com/html/11/guangtoulaoshuangfeixingganjiemei15P/
妖艳美女张开腿双腿那条粉嫩小穴好诱人[12P],http://www.hf1z.com/html/11/yaoyanmeinvzhangkaituishuangtuinatiaofennenxiaoxuehaoyouren12P/
大鸡吧一旦拥有,男人就会雄峰万丈,女人都会雌服千里![12P,http://www.hf1z.com/html/11/dajibayidanyongyounanrenjiuhuixiongfengwanzhangnvrenduhuicifuqianli12P/
LatinaBabe勾引过来打炮,http://www.hf1z.com/html/11/LatinaBabegouyinguolaidapao/
猛男把性感火辣美女的淫穴掰开猛擦白浆都出来了[10P],http://www.hf1z.com/html/11/mengnanbaxingganhuolameinvdeyinxuebaikaimengcabaijiangduchulailiao10P/
妖艳诱人的巨乳少妇被肉棒顶的那咪咪会晃动吧[12P],http://www.hf1z.com/html/11/yaoyanyourendejurushaofubeiroubangdingdenamaimaihuihuangdongba12P/
性感诱人的美妞[16P],http://www.hf1z.com/html/11/xingganyourendemeihao16P/
漂亮美女这洁白无瑕的肌肤粉嫩诱人的小穴好诱惑[13P],http://www.hf1z.com/html/11/piaoliangmeinvzhejiebaiwuxiadejifufennenyourendexiaoxuehaoyouhuo13P/
丰满巨乳性感的翘臀边擦着那水润的小穴边揉着大波[15P],http://www.hf1z.com/html/11/fengmanjuruxinggandeqiaotunbiancazhuonashuirundexiaoxuebianrouzhuodabo15P/
性感妖艳美女被前后肉棒猛擦[15P],http://www.hf1z.com/html/11/xingganyaoyanmeinvbeiqianhouroubangmengca15P/
Valery,http://www.hf1z.com/html/11/Valery/
PlayBoy-Carlye Denise[15P],http://www.hf1z.com/html/11/PlayBoyCarlyeDenise15P/
妖艳诱人的美女前凸后翘的身材巨乳翘臀好性感[16P],http://www.hf1z.com/html/11/yaoyanyourendemeinvqiantuhouqiaodeshencaijuruqiaotunhaoxinggan16P/
抚媚诱惑的美女那性感苗条身材诱人黑丝好美[14P],http://www.hf1z.com/html/11/fumeiyouhuodemeinvnaxingganmiaotiaoshencaiyourenheisihaomei14P/
美女那对美乳好丰满性感的臀部好挺好诱人[15P],http://www.hf1z.com/html/11/meinvnaduimeiruhaofengmanxinggandetunbuhaotinghaoyouren15P/
这次轮到花店妞沦陷了,http://www.hf1z.com/html/11/zhecilundaohuadianhaolunxianliao/
Alexandra这样的天气适合打炮,http://www.hf1z.com/html/11/Alexandrazheyangdetianqishihedapao/
写真] Justine Joli at Penthouse Naked redhead babe in b,http://www.hf1z.com/html/11/xiezhenJustineJoliatPenthouseNakedredheadbabeinb/
少妇性欲望真强大白天在车行都这幺激情[20P],http://www.hf1z.com/html/11/shaofuxingyuwangzhenqiangdabaitianzaichexingduzhemijiqing20P/
猛男帮美女洗澡后[15P],http://www.hf1z.com/html/11/mengnanbangmeinvxizaohou15P/
空运来的林妹妹[14P],http://www.hf1z.com/html/11/kongyunlaidelinmeimei14P/
大美女看上去给人的感觉就是又白又软，真想两只手抓着她那一对奶子使劲儿干她,http://www.hf1z.com/html/11/dameinvkanshangqugeirendeganjuejiushiyoubaiyouruanzhenxiangliangzhishouzhuazhuotanayiduinaizishijinerganta/
性感火辣的黑人美女那骚穴淫水流满床操的时候应该很滑吧[13P],http://www.hf1z.com/html/11/xingganhuoladeheirenmeinvnasaoxueyinshuiliumanchuangcaodeshihouyinggaihenhuaba13P/
高挑完美身材美貌诱人长腿骚穴[12P],http://www.hf1z.com/html/11/gaotiaowanmeishencaimeimaoyourenchangtuisaoxue12P/
伊沙贝尔[三][30P],http://www.hf1z.com/html/11/yishabeiersan30P/
白俄罗斯美女那诱惑人心的粉嫩阴唇是那幺的漂亮性感[13P],http://www.hf1z.com/html/11/baieluosimeinvnayouhuorenxindefennenyinchunshinamidepiaoliangxinggan13P/
厨房妹子品箫乐[12P],http://www.hf1z.com/html/11/chufangmeizipinxiaole12P/
喜欢这样身材的美女[16P],http://www.hf1z.com/html/11/xihuanzheyangshencaidemeinv16P/
绝美沙漠妖姬[15P],http://www.hf1z.com/html/11/juemeishamoyaoji15P/
妖娆魔鬼身材美女翘着性感臀部猛擦[10P],http://www.hf1z.com/html/11/yaoraomoguishencaimeinvqiaozhuoxinggantunbumengca10P/
少妇至少两根肉棒才能满足她那空虚的骚穴[10P],http://www.hf1z.com/html/11/shaofuzhishaolianggenroubangcainengmanzutanakongxudesaoxue10P/
淫荡骚女不停的那东西挑逗自己嫩穴[10P],http://www.hf1z.com/html/11/yindangsaonvbutingdenadongxitiaodouzijinenxue10P/
阿莱的报复[15P],http://www.hf1z.com/html/11/alaidebaofu15P/
黑人美眉[70P],http://www.hf1z.com/html/11/heirenmeimei70P/
魔鬼身材美女高挑身材丰满翘臀不仅美还诱人[12P],http://www.hf1z.com/html/11/moguishencaimeinvgaotiaoshencaifengmanqiaotunbujinmeihuanyouren12P/
棕发清纯少女黑丝嫩逼精典美图[16P],http://www.hf1z.com/html/11/zongfaqingchunshaonvheisinenbijingdianmeitu16P/
丰满身材少妇那肉感巨乳肥大臀部看着都好有手感[16P],http://www.hf1z.com/html/11/fengmanshencaishaofunarouganjurufeidatunbukanzhuoduhaoyoushougan16P/
Bionda金丝猫[12P],http://www.hf1z.com/html/11/Biondajinsimao12P/
女神浴室性感激情诱惑那粉木耳真美[11P],http://www.hf1z.com/html/11/nvshenyushixingganjiqingyouhuonafenmuerzhenmei11P/
带我去性爱国度兜风[11P],http://www.hf1z.com/html/11/daiwoquxingaiguodudoufeng11P/
长相甜美的靓妞快乐的嘿咻[15P],http://www.hf1z.com/html/11/changxiangtianmeidejinghaokuailedeheixiao15P/
帅哥勾引老太这样子也下得了手[10P],http://www.hf1z.com/html/11/shuaigegouyinlaotaizheyangziyexiadeliaoshou10P/
火辣性感人妻翘起臀部让肉棒擦入那饥渴的嫩穴[15P],http://www.hf1z.com/html/11/huolaxingganrenqiqiaoqitunburangroubangcarunajikedenenxue15P/
金发女神粉嫩小屄屄诱人心魂性感小嘴帮他口交到射[10P],http://www.hf1z.com/html/11/jinfanvshenfennenxiaobibiyourenxinhunxingganxiaozuibangtakoujiaodaoshe10P/
如此激情性爱太诱惑了各种姿势猛擦骚穴[15P],http://www.hf1z.com/html/11/rucijiqingxingaitaiyouhuoliaogezhongzishimengcasaoxue15P/
干净白嫩丰满的老婆这幺迷人诱惑这男人真的是性福[15P],http://www.hf1z.com/html/11/ganjingbainenfengmandelaopozhemimirenyouhuozhenanrenzhendeshixingfu15P/
如此胸器我真是大开眼界[10P],http://www.hf1z.com/html/11/rucixiongqiwozhenshidakaiyanjie10P/
美貌粉红木耳诱人美乳苗条身材真漂亮[10P],http://www.hf1z.com/html/11/meimaofenhongmueryourenmeirumiaotiaoshencaizhenpiaoliang10P/
完美身材诱惑巨乳翘臀苗条性感小蛮腰[15P],http://www.hf1z.com/html/11/wanmeishencaiyouhuojuruqiaotunmiaotiaoxingganxiaomanyao15P/
少妇跟黑鬼嗨自拍留念[14P],http://www.hf1z.com/html/11/shaofugenheiguihaizipailiunian14P/
各种水果蔬菜用来插B[28P],http://www.hf1z.com/html/11/gezhongshuiguoshucaiyonglaichaB28P/
她勇敢面对枪林弹雨[15P],http://www.hf1z.com/html/11/tayongganmianduiqianglindanyu15P/
哥们还是勇敢地上[15P],http://www.hf1z.com/html/11/gemenhuanshiyonggandishang15P/
鸭子把她们伺候爽了[28P],http://www.hf1z.com/html/11/yazibatamensihoushuangliao28P/
客厅沙发上销魂的嘿咻[12P],http://www.hf1z.com/html/11/ketingshafashangxiaohundeheixiao12P/
性欲望很强的美女迫不及待的解开男友的裤子[13P],http://www.hf1z.com/html/11/xingyuwanghenqiangdemeinvpobujidaidejiekainanyoudekuzi13P/
高挑抚媚的人妻那丰满的巨乳夹住肉棒包裹的严严实实[12P],http://www.hf1z.com/html/11/gaotiaofumeiderenqinafengmandejurujiazhuroubangbaoguodeyanyanshishi12P/
在厨房干炮好吗[12P],http://www.hf1z.com/html/11/zaichufangganpaohaoma12P/
办公室里玩3P真够刺激[14P],http://www.hf1z.com/html/11/bangongshiliwan3Pzhengouciji14P/
为保命只好满足巨乳女土著[14P],http://www.hf1z.com/html/11/weibaomingzhihaomanzujurunvtuzhu14P/
两个巨乳丝袜辣妹在公交车上互相探讨性车安全知识[14P],http://www.hf1z.com/html/11/lianggejurusiwalameizaigongjiaocheshanghuxiangtantaoxingcheanquanzhishi14P/
老婆一天不在家，你就在家里瞎搞八搞的[20P],http://www.hf1z.com/html/11/laopoyitianbuzaijianijiuzaijialixiagaobagaode20P/
姐妹花互换男友操逼[12P],http://www.hf1z.com/html/11/jiemeihuahuhuannanyoucaobi12P/
自家小媳妇开心交合[16P],http://www.hf1z.com/html/11/zijiaxiaoxifukaixinjiaohe16P/
小妹子和大叔偷情[16P],http://www.hf1z.com/html/11/xiaomeizihedashutouqing16P/
强壮性感纹身男与火辣苗条诱人的美女沙发激情性爱篇[14P],http://www.hf1z.com/html/11/qiangzhuangxingganwenshennanyuhuolamiaotiaoyourendemeinvshafajiqingxingaipian14P/
魅力诱人的人妻张开粉嫩的小穴让又粗又长的肉棒深深擦入[12P],http://www.hf1z.com/html/11/meiliyourenderenqizhangkaifennendexiaoxuerangyoucuyouchangderoubangshenshencaru12P/
看大屁股美女如何诱惑你[12P],http://www.hf1z.com/html/11/kandapigumeinvruheyouhuoni12P/
可入选吉尼斯 鸡巴比胳膊粗[16P],http://www.hf1z.com/html/11/keruxuanjinisijibabigebocu16P/
少妇吃香蕉超级淫荡[13P],http://www.hf1z.com/html/11/shaofuchixiangjiaochaojiyindang13P/
与女友作爱[16P],http://www.hf1z.com/html/11/yunvyouzuoai16P/
极品嫩模服侍老板[15P],http://www.hf1z.com/html/11/jipinnenmofushilaoban15P/
超丰满的胸器坐莲才能吞下[16P],http://www.hf1z.com/html/11/chaofengmandexiongqizuoliancainengtunxia16P/
荡妇偷偷给老公吃伟哥[15P],http://www.hf1z.com/html/11/dangfutoutougeilaogongchiweige15P/
欧美护士这么开放用身体把病人治好[10P],http://www.hf1z.com/html/11/oumeihushizhemekaifangyongshentibabingrenzhihao10P/
在保龄球馆上演激情[16P],http://www.hf1z.com/html/11/zaibaolingqiuguanshangyanjiqing16P/
这是老牛吃嫩草吧[14P],http://www.hf1z.com/html/11/zheshilaoniuchinencaoba14P/
嫩女需要这么长鸡巴[15P],http://www.hf1z.com/html/11/nennvxuyaozhemechangjiba15P/
骚娘们看我不操死你[14P],http://www.hf1z.com/html/11/saoniangmenkanwobucaosini14P/
性感的金丝长发美女床上功夫不是一般的肉棒能满足她的[14P],http://www.hf1z.com/html/11/xinggandejinsichangfameinvchuangshanggongfubushiyibanderoubangnengmanzutade14P/
骚货超市露出还巷战[15P],http://www.hf1z.com/html/11/saohuochaoshiluchuhuanxiangzhan15P/
精品好图准备纸巾吧[15P],http://www.hf1z.com/html/11/jingpinhaotuzhunbeizhijinba15P/
大胆在法老像前做爱[14P],http://www.hf1z.com/html/11/dadanzaifalaoxiangqianzuoai14P/
女同事叫我去她家坐坐[16P],http://www.hf1z.com/html/11/nvtongshijiaowoqutajiazuozuo16P/
小情侣在壁炉前激情[16P],http://www.hf1z.com/html/11/xiaoqinglvzaibiluqianjiqing16P/
看女友吸的认真忍不住了[15P],http://www.hf1z.com/html/11/kannvyouxiderenzhenrenbuzhuliao15P/
她们的前后洞插满了[28P],http://www.hf1z.com/html/11/tamendeqianhoudongchamanliao28P/
宾馆小姐又辣又骚[15P],http://www.hf1z.com/html/11/binguanxiaojieyoulayousao15P/
女优拍激情AV好投入[16P],http://www.hf1z.com/html/11/nvyoupaijiqingAVhaotouru16P/
从卫生间战到床上[16P],http://www.hf1z.com/html/11/congweishengjianzhandaochuangshang16P/
大嘴少妇很适合吹箫[18P],http://www.hf1z.com/html/11/dazuishaofuhenshihechuixiao18P/
纯情气质妹子被内射[14P],http://www.hf1z.com/html/11/chunqingqizhimeizibeineishe14P/
泳池里野战风光好[15P],http://www.hf1z.com/html/11/yongchiliyezhanfengguanghao15P/
开房喝酒调情助助兴[16P],http://www.hf1z.com/html/11/kaifanghejiudiaoqingzhuzhuxing16P/
美女杀手被一枪搞定[15P],http://www.hf1z.com/html/11/meinvshashoubeiyiqianggaoding15P/
酒店里上淫荡小姐[18P],http://www.hf1z.com/html/11/jiudianlishangyindangxiaojie18P/
慰问辛苦工作的工人[15P],http://www.hf1z.com/html/11/weiwenxinkugongzuodegongren15P/
粗大鸡巴把她爽呆了[15P],http://www.hf1z.com/html/11/cudajibabatashuangdailiao15P/
清纯学生妹很耐操[15P],http://www.hf1z.com/html/11/qingchunxueshengmeihennaicao15P/