把新娘干了，还是粉穴呢[16P],http://www.hf1z.com/html/9/baxinniangganliaohuanshifenxuene16P/
騷貨真不错一般，射了她滿嘴[10P],http://www.hf1z.com/html/9/saohuozhenbucuoyibansheliaotamanzui10P/
情趣內衣、網襪、C字褲的誘惑[14P],http://www.hf1z.com/html/9/qingqunayijinyaoCzixuandezhahuo14P/
女嘉宾私密照外泄[10P],http://www.hf1z.com/html/9/nvjiabinsimizhaowaixie10P/
人妻在宾馆自拍[12P],http://www.hf1z.com/html/9/renqizaibinguanzipai12P/
我的小女友，化不化妆真的不一样1[30P],http://www.hf1z.com/html/9/wodexiaonvyouhuabuhuazhuangzhendebuyiyang130P/
森北路傳播妹嘉楠和男友酒店愛愛[33P],http://www.hf1z.com/html/9/senbeiluchuanbomeijiananhenanyoujiudianaiai33P/
又一个92年清纯嫩女骚样自拍照流出[18P],http://www.hf1z.com/html/9/youyige92nianqingchunnennvsaoyangzipaizhaoliuchu18P/
人妻在宾馆自拍[12P],http://www.hf1z.com/html/9/renqizaibinguanzipai12P/
騷貨真不错一般，射了她滿嘴[10P],http://www.hf1z.com/html/9/saohuozhenbucuoyibansheliaotamanzui10P/
最近約上的少婦，床上功夫非一般的牛[22P],http://www.hf1z.com/html/9/zuijinjishangdeshaofuchuangshanggongfufeiyibandeniu22P/
捆綁三個小母狗[11P],http://www.hf1z.com/html/9/kunjiansangexiaomugou11P/
前幾天約了一個，特來分享[15P],http://www.hf1z.com/html/9/qianjitianjiliaoyigetelaifenxiang15P/
朋友老婆自拍照[14P],http://www.hf1z.com/html/9/pengyoulaopozipaizhao14P/
騷貨真不错一般，射了她滿嘴[10P],http://www.hf1z.com/html/9/saohuozhenbucuoyibansheliaotamanzui10P/
女嘉宾私密照外泄[10P],http://www.hf1z.com/html/9/nvjiabinsimizhaowaixie10P/
浓毛老婆快捷酒店搔首弄姿的诱惑[12P],http://www.hf1z.com/html/9/nongmaolaopokuaijiejiudiansaoshounongzideyouhuo12P/
女友闺蜜的私照[20P],http://www.hf1z.com/html/9/nvyouguimidesizhao20P/
熟婦PK處女－狗狗國屁股奧運會[18P],http://www.hf1z.com/html/9/shufuPKtanvgougouguopiguaoyunhui18P/
佛門之地, 不帶一絲煩惱[14P],http://www.hf1z.com/html/9/fomenzhidibudaiyijianfannao14P/
熟妇长的难看，但她的肥麻批还比较嫩！凑合着看下[10P],http://www.hf1z.com/html/9/shufuchangdenankandantadefeimapihuanbijiaonencouhezhuokanxia10P/
佛門之地, 不帶一絲煩惱[14P],http://www.hf1z.com/html/9/fomenzhidibudaiyijianfannao14P/
熟婦PK處女－狗狗國屁股奧運會[18P],http://www.hf1z.com/html/9/shufuPKtanvgougouguopiguaoyunhui18P/
騷妻系列之沒羞沒臊的性奴生活[12P],http://www.hf1z.com/html/9/saoqixiliezhimeixiumeisaodexingnushenghuo12P/
床上練各種高難動作[12P],http://www.hf1z.com/html/9/chuangshangjingeergaonandongzuo12P/
老闆和秘书大玩办公室性爱 [10P],http://www.hf1z.com/html/9/laobanhemishudawanbangongshixingai10P/
黑丝袜的大胸女 [12P],http://www.hf1z.com/html/9/heisiwadedaxiongnv12P/
和朋友分享交配的快乐时光 [10P],http://www.hf1z.com/html/9/hepengyoufenxiangjiaopeidekuaileshiguang10P/
穿着黑丝照样插入 [10P],http://www.hf1z.com/html/9/chuanzhuoheisizhaoyangcharu10P/
最喜欢操黑丝少妇，酥胸和丁字裤展示 [11P],http://www.hf1z.com/html/9/zuixihuancaoheisishaofusuxionghedingzikuzhanshi11P/
小心点啊我可是会吃手的哦 [12P],http://www.hf1z.com/html/9/xiaoxindianawokeshihuichishoudeo12P/
中午约了一位人妻纯小黑木耳 [10P],http://www.hf1z.com/html/9/zhongwuyueliaoyiweirenqichunxiaoheimuer10P/
性欲自拍 [9P],http://www.hf1z.com/html/9/xingyuzipai9P/
双飞体验 [10P],http://www.hf1z.com/html/9/shuangfeitiyan10P/
美女菲儿自拍 [16P],http://www.hf1z.com/html/9/meinvfeierzipai16P/
美女主播和她的企鹅娃娃 [18P],http://www.hf1z.com/html/9/meinvzhubohetadeqiewawa18P/
女友那苗条身材诱人骚穴擦着好爽 [10P],http://www.hf1z.com/html/9/nvyounamiaotiaoshencaiyourensaoxuecazhuohaoshuang10P/
美不美？ [13P],http://www.hf1z.com/html/9/meibumei13P/
黑丝熟女风骚归来屁股又圆了 [10P],http://www.hf1z.com/html/9/heisishunvfengsaoguilaipiguyouyuanliao10P/
朋友的大奶女友，奶子至少有D吧 [10P],http://www.hf1z.com/html/9/pengyoudedanainvyounaizizhishaoyouDba10P/
美女大尺度私拍 [32P],http://www.hf1z.com/html/9/meinvdachidusipai32P/
大奶女友非常喜欢自拍 [15P],http://www.hf1z.com/html/9/danainvyoufeichangxihuanzipai15P/
与90后妹子不得不说的事，约炮就自然的上了 [10P],http://www.hf1z.com/html/9/yu90houmeizibudebushuodeshiyuepaojiuzirandeshangliao10P/
后入老婆的骚屄，穿性感情趣装 [13P],http://www.hf1z.com/html/9/hourulaopodesaobichuanxingganqingquzhuang13P/
鲍鱼很粉，好木耳 [15P],http://www.hf1z.com/html/9/baoyuhenfenhaomuer15P/
美女性感自拍 [12P],http://www.hf1z.com/html/9/meinvxingganzipai12P/
美妙的夜晚 [11P],http://www.hf1z.com/html/9/meimiaodeyewan11P/
这肥臀很诱人！有一个馒头逼，一线天 [14P],http://www.hf1z.com/html/9/zhefeitunhenyourenyouyigemantoubiyixiantian14P/
隔壁寂寞少妇的大肥鲍 [10P],http://www.hf1z.com/html/9/gebijimoshaofudedafeibao10P/
双飞两个1.8米的模特，个个都是丰臀肥乳! [10P],http://www.hf1z.com/html/9/shuangfeiliangge18midemotegegedushifengtunfeiru10P/
出差找的一只不错的小鸡[33P],http://www.hf1z.com/html/9/chuchazhaodeyizhibucuodexiaoji33P/
粉嫩的美女帮我口交[16P],http://www.hf1z.com/html/9/fennendemeinvbangwokoujiao16P/
床上一面上网一面玩穴 [10P],http://www.hf1z.com/html/9/chuangshangyimianshangwangyimianwanxue10P/
小骚货掰逼诱惑 [9P],http://www.hf1z.com/html/9/xiaosaohuobaibiyouhuo9P/
我就喜欢她的这对奶子 [18P],http://www.hf1z.com/html/9/wojiuxihuantadezheduinaizi18P/
極品老婆的極品骚穴[17P],http://www.hf1z.com/html/9/jipinlaopodejipinsaoxue17P/
酒店与骚人妻开房 [10P],http://www.hf1z.com/html/9/jiudianyusaorenqikaifang10P/
高跟网袜不一样的味道 [13P],http://www.hf1z.com/html/9/gaogenwangwabuyiyangdeweidao13P/
闷骚女友帮我口[13P],http://www.hf1z.com/html/9/mensaonvyoubangwokou13P/
情趣酒店小姐的絲襪全套服務[40P],http://www.hf1z.com/html/9/qingqujiudianxiaojiedejianyaoquantaofumao40P/
大陸超萌人氣蘿莉護士裝性愛[34P],http://www.hf1z.com/html/9/daliuchaomengrenqitalizhushixuanxingai34P/
快夏天了，可以不穿内裤的日子到了 [10P],http://www.hf1z.com/html/9/kuaixiatianliaokeyibuchuanneikuderizidaoliao10P/
情人屁股很大 很丰满 很喜欢这样的女人 [10P],http://www.hf1z.com/html/9/qingrenpiguhendahenfengmanhenxihuanzheyangdenvren10P/
性感美臀mm的慵懶午後 我願做那隻狗狗【20P】,http://www.hf1z.com/html/9/xingganmeitunmmdeyonglaiwuhouwoyuanzuonahuogougou20P/
紋身女郎激情的3P 2-2[22P],http://www.hf1z.com/html/9/jishennvlangjiqingde3P2222P/
幽谷一线天【12P】,http://www.hf1z.com/html/9/youguyixiantian12P/
同事来我家借宿时拍照,发来诱惑我 [10P],http://www.hf1z.com/html/9/tongshilaiwojiajiesushipaizhaofalaiyouhuowo10P/
丰满性感的人妻，免费陪我睡了三年 [10P],http://www.hf1z.com/html/9/fengmanxingganderenqimianfeipeiwoshuiliaosannian10P/
保险业务员，业务都做到床上去了 [10P],http://www.hf1z.com/html/9/baoxianyewuyuanyewuduzuodaochuangshangquliao10P/
突发奇穿上结婚时的婚纱玩情趣 [10P],http://www.hf1z.com/html/9/tufaqichuanshangjiehunshidehunshawanqingqu10P/
真实美女生活及自拍炮图 [55P],http://www.hf1z.com/html/9/zhenshimeinvshenghuojizipaipaotu55P/
缠着我操她的小骚货 [11P],http://www.hf1z.com/html/9/chanzhuowocaotadexiaosaohuo11P/
美女的假老公 [14P],http://www.hf1z.com/html/9/meinvdejialaogong14P/
刚大二的小姑娘 [11P],http://www.hf1z.com/html/9/gangdaerdexiaoguniang11P/
和女网友开房自拍无毛又干凈的嫩BB [9P],http://www.hf1z.com/html/9/henvwangyoukaifangzipaiwumaoyouganjingdenenBB9P/
老公过年不回家，师兄把人妻的漏洞给补住 [12P],http://www.hf1z.com/html/9/laogongguonianbuhuijiashixiongbarenqideloudonggeibuzhu12P/
娇妻系列8 [23P],http://www.hf1z.com/html/9/jiaoqixilie823P/
给老婆毛剃了，最后颜射 [35P],http://www.hf1z.com/html/9/geilaopomaotiliaozuihouyanshe35P/
骚老婆又来了，你们喜欢那里呢 [30P],http://www.hf1z.com/html/9/saolaopoyoulailiaonimenxihuannaline30P/
翘臀少妇好身材啊，看的心痒痒[11P],http://www.hf1z.com/html/9/qiaotunshaofuhaoshencaiakandexinyangyang11P/
看上去很有肉的样子，手感因该很不错，她的男友好有福[19P],http://www.hf1z.com/html/9/kanshangquhenyouroudeyangzishouganyingaihenbucuotadenanyouhaoyoufu19P/
内射美足少妇 [10P],http://www.hf1z.com/html/9/neishemeizushaofu10P/
骚屄老婆的自摸自抠自插诱惑 [10P],http://www.hf1z.com/html/9/saobilaopodezimozikouzichayouhuo10P/
把我骚货女友的裸照尽情的展示给大家看 [12P],http://www.hf1z.com/html/9/bawosaohuonvyoudeluozhaojinqingdezhanshigeidajiakan12P/
骚女穿着齐逼裙和情趣内裤故意到处弯腰[11P],http://www.hf1z.com/html/9/saonvchuanzhuoqibiqunheqingquneikuguyidaochuwanyao11P/
有点害羞的女友把她嫩嫩的小穴露出来让我拍拍照 [11P],http://www.hf1z.com/html/9/youdianhaixiudenvyoubatanennendexiaoxueluchulairangwopaipaizhao11P/
三里屯附近街拍三星I9100手机MM[10P],http://www.hf1z.com/html/9/sanlitunfujinjiepaisanxingI9100shoujiMM10P/
河北廊坊街拍的黑色一步裙美女[11P],http://www.hf1z.com/html/9/hebeilangfangjiepaideheiseyibuqunmeinv11P/
黑丝翘臀小清晰美眉，清纯诱惑[12P],http://www.hf1z.com/html/9/heisiqiaotunxiaoqingximeimeiqingchunyouhuo12P/
纤细的美腿，三寸金莲小蛮腰[11P],http://www.hf1z.com/html/9/xianxidemeituisancunjinlianxiaomanyao11P/
跟拍两个外衣透明内衣尽漏的女人取钱和买菜[12P],http://www.hf1z.com/html/9/genpailianggewaiyitoumingneiyijinloudenvrenquqianhemaicai12P/
丰满娇妻展示给大家,希望大家喜欢 [16P],http://www.hf1z.com/html/9/fengmanjiaoqizhanshigeidajiaxiwangdajiaxihuan16P/
两个丝袜足交的美眉 [15P],http://www.hf1z.com/html/9/lianggesiwazujiaodemeimei15P/
她说最有慾望时候的时候遇上了我 [19P],http://www.hf1z.com/html/9/tashuozuiyouyuwangshihoudeshihouyushangliaowo19P/
馆小妹的冰火两重天服务，超爽！ [15P],http://www.hf1z.com/html/9/guanxiaomeidebinghuoliangzhongtianfuwuchaoshuang15P/
娇妻系列7 [25P],http://www.hf1z.com/html/9/jiaoqixilie725P/
如此好的身材该是什幺价位才可以上 [9P],http://www.hf1z.com/html/9/rucihaodeshencaigaishishimijiaweicaikeyishang9P/
宾馆上的白嫩翘臀美腿美女 [11P],http://www.hf1z.com/html/9/binguanshangdebainenqiaotunmeituimeinv11P/
久别重遇再会小情人，一晚上翻云覆雨 [10P],http://www.hf1z.com/html/9/jiubiezhongyuzaihuixiaoqingrenyiwanshangfanyunfuyu10P/
公交车上掏出小鸟爆浆 [38P],http://www.hf1z.com/html/9/gongjiaocheshangtaochuxiaoniaobaojiang38P/
骚货摆开B让我肏 [22P],http://www.hf1z.com/html/9/saohuobaikaiBrangwoman22P/
极品身材的妞家中啪啪啪，雪白肌肤黑丝诱惑，粉润木耳 [12P],http://www.hf1z.com/html/9/jipinshencaidehaojiazhongpapapaxuebaijifuheisiyouhuofenrunmuer12P/
新婚丰腴娇妻，认真给我口交最后射到屁股上 [10P],http://www.hf1z.com/html/9/xinhunfengyujiaoqirenzhengeiwokoujiaozuihoushedaopigushang10P/
外翻的阴唇捲曲的毛，雪白屁股的人妻终于被我上了 [14P],http://www.hf1z.com/html/9/waifandeyinchunjuanqudemaoxuebaipiguderenqizhongyubeiwoshangliao14P/
刚聊的90后，奶子灰常大,http://www.hf1z.com/html/9/gangliaode90hounaizihuichangda/
叫洗浴中心小姐到我房间,http://www.hf1z.com/html/9/jiaoxiyuzhongxinxiaojiedaowofangjian/
气质少妇，来欣赏,http://www.hf1z.com/html/9/qizhishaofulaixinshang/
一百块找的街头鸡胖了点但是有手感,http://www.hf1z.com/html/9/yibaikuaizhaodejietoujipangliaodiandanshiyoushougan/
少妇木有约过炮,http://www.hf1z.com/html/9/shaofumuyouyueguopao/
人嫩B美,http://www.hf1z.com/html/9/rennenBmei/
大奶神身材超暴,http://www.hf1z.com/html/9/danaishenshencaichaobao/
如此身材,http://www.hf1z.com/html/9/rucishencai/
自家淫妻 拿出来给大家分享 操得淫水直流,http://www.hf1z.com/html/9/zijiayinqinachulaigeidajiafenxiangcaodeyinshuizhiliu/
跟老婆的床照分享给大家,http://www.hf1z.com/html/9/genlaopodechuangzhaofenxianggeidajia/
单位女同事的激情 [12P],http://www.hf1z.com/html/9/danweinvtongshidejiqing12P/
和小姨子自拍，羞澀水嫩[14P],http://www.hf1z.com/html/9/hexiaoyizizipaixiuseshuinen14P/
骚逼老婆情趣内衣的诱惑 [15P],http://www.hf1z.com/html/9/saobilaopoqingquneiyideyouhuo15P/
穴穴的演變女友這幾年的變化[15P],http://www.hf1z.com/html/9/xuexuedeyanzhunvyouyanjiniandezhuhua15P/
小女友在床上就是個磨人的小妖精[16P],http://www.hf1z.com/html/9/xiaonvyouzaichuangshangjiushigemorendexiaoyaojing16P/
交往了两年多的同居女友 [10P],http://www.hf1z.com/html/9/jiaowangliaoliangnianduodetongjunvyou10P/
渔网控的狼友们有福了，骚妇的露逼自拍 [14P],http://www.hf1z.com/html/9/yuwangkongdelangyoumenyoufuliaosaofudelubizipai14P/
玩情趣 [10P],http://www.hf1z.com/html/9/wanqingqu10P/
笑起来很甜的微丰满淫骚逼少妇[10P],http://www.hf1z.com/html/9/xiaoqilaihentiandeweifengmanyinsaobishaofu10P/
喜欢暴露的大奶人妻被我猛操[16P],http://www.hf1z.com/html/9/xihuanbaoludedanairenqibeiwomengcao16P/
妻子肥美的臀部和精緻的性器特写 [18P],http://www.hf1z.com/html/9/qizifeimeidetunbuhejingjundexingqitexie18P/
朋友介绍一起玩的一个朋友，被我拿下了[15P],http://www.hf1z.com/html/9/pengyoujieshaoyiqiwandeyigepengyoubeiwonaxialiao15P/
叫你和我分手，这就是分手的代价[11P],http://www.hf1z.com/html/9/jiaonihewofenshouzhejiushifenshoudedaijia11P/
大奶骚老婆最近想尝试3P[15P],http://www.hf1z.com/html/9/danaisaolaopozuijinxiangchangshi3P15P/
与蝴蝶美穴巨乳少妇风流自拍[14P],http://www.hf1z.com/html/9/yuhudiemeixuejurushaofufengliuzipai14P/
约炮的乐趣 [12P],http://www.hf1z.com/html/9/yuepaodelequ12P/
请叫我骚逼吧 [10P],http://www.hf1z.com/html/9/qingjiaowosaobiba10P/
道具加我的JJ双插弄的小B受不了 [13P],http://www.hf1z.com/html/9/daojujiawodeJJshuangchanongdexiaoBshoubuliao13P/
和小炮友在酒店的深入交流 [12P],http://www.hf1z.com/html/9/hexiaopaoyouzaijiudiandeshenrujiaoliu12P/
很会取悦男人的一个小女友 [13P],http://www.hf1z.com/html/9/henhuiquyuenanrendeyigexiaonvyou13P/
浪妻在家里骚拍，最后这个姿势好诱人 [12P],http://www.hf1z.com/html/9/langqizaijialisaopaizuihouzhegezishihaoyouren12P/
想挨插的小蛮腰，第一弹又想插了... [11P],http://www.hf1z.com/html/9/xiangaichadexiaomanyaodiyidanyouxiangchaliao11P/
老婆羞涩的扒开给狼友欣赏 [13P],http://www.hf1z.com/html/9/laopoxiusedebakaigeilangyouxinshang13P/
大学生与男友海外自拍 [46P],http://www.hf1z.com/html/9/daxueshengyunanyouhaiwaizipai46P/
相识8年的离异少妇，最佳床上伴侣 [13P],http://www.hf1z.com/html/9/xiangshi8niandeliyishaofuzuijiachuangshangbanlv13P/
约炮姐妹花 [15P],http://www.hf1z.com/html/9/yuepaojiemeihua15P/
一个良家少妇 [10P],http://www.hf1z.com/html/9/yigeliangjiashaofu10P/
听话的人妻 [10P],http://www.hf1z.com/html/9/tinghuaderenqi10P/
灌肠喷射后电击丝袜前后直入 [13P],http://www.hf1z.com/html/9/guanchangpenshehoudianjisiwaqianhouzhiru13P/
啪啪啪微胖阿姨,亮点是她的小穴 [11P],http://www.hf1z.com/html/9/papapaweipangayiliangdianshitadexiaoxue11P/
很会玩的骚货老婆 [10P],http://www.hf1z.com/html/9/henhuiwandesaohuolaopo10P/
极骚淫妇被老公捆起来玩 射在丝袜上的感觉真是太爽了 [10P],http://www.hf1z.com/html/9/jisaoyinfubeilaogongkunqilaiwanshezaisiwashangdeganjuezhenshitaishuangliao10P/
小骚妇KTV露出 [10P],http://www.hf1z.com/html/9/xiaosaofuKTVluchu10P/
艺校大胆自拍的学生 [59P],http://www.hf1z.com/html/9/yixiaodadanzipaidexuesheng59P/
透明的女佣露屄装，自家的女佣自己用 [13P],http://www.hf1z.com/html/9/toumingdenvyonglubizhuangzijiadenvyongzijiyong13P/
疯狂的网友 [10P],http://www.hf1z.com/html/9/fengkuangdewangyou10P/
品嚐少妇的滋味 [14P],http://www.hf1z.com/html/9/pinchangshaofudeziwei14P/
大学妹子嫩逼 [10P],http://www.hf1z.com/html/9/daxuemeizinenbi10P/
卧室里玩情人 [10P],http://www.hf1z.com/html/9/woshiliwanqingren10P/
新买的情趣内衣给情人试试 [10P],http://www.hf1z.com/html/9/xinmaideqingquneiyigeiqingrenshishi10P/
每天省吃簡用都是為了她~老婆[30P],http://www.hf1z.com/html/9/meitianshengchihayongdushihaliaotalaopo30P/
年级有点大的少妇 还有一副嫩嫩水逼[10P],http://www.hf1z.com/html/9/nianjiyoudiandadeshaofuhuanyouyifunennenshuibi10P/
老婆在换丝袜1[30P],http://www.hf1z.com/html/9/laopozaihuansiwa130P/
大晚上真空到高架下自拍2[17P],http://www.hf1z.com/html/9/dawanshangzhenkongdaogaojiaxiazipai217P/
混血大奶牛美女生活自拍[20P],http://www.hf1z.com/html/9/hunxuedanainiumeinvshenghuozipai20P/
人妻魚網翹著臀扒穴等我后入[16P],http://www.hf1z.com/html/9/renqiyujinlongzhutunbaxuedengwohouru16P/
人妻魚網翹著臀扒穴等我后入[16P],http://www.hf1z.com/html/9/renqiyujinlongzhutunbaxuedengwohouru16P/
老婆在换丝袜3[40P],http://www.hf1z.com/html/9/laopozaihuansiwa340P/
成熟的良家人妻热爱大自然奉献给野外[34P],http://www.hf1z.com/html/9/chengshudeliangjiarenqireaidaziranfengxiangeiyewai34P/
喝醉酒的女同事 [16P],http://www.hf1z.com/html/9/hezuijiudenvtongshi16P/
让老婆穿着丝袜做爱是一种非常激情诱惑的事情[10P],http://www.hf1z.com/html/9/ranglaopochuanzhuosiwazuoaishiyizhongfeichangjiqingyouhuodeshiqing10P/
上了个混社会的90后小浪女，玩起来比我都放的开（露脸）[18P],http://www.hf1z.com/html/9/shangliaogehunshehuide90houxiaolangnvwanqilaibiwodufangdekailulian18P/
白色情趣内衣[10P],http://www.hf1z.com/html/9/baiseqingquneiyi10P/
约到个少妇网友 [10P],http://www.hf1z.com/html/9/yuedaogeshaofuwangyou10P/
老婆床上搬开给我拍 [12P],http://www.hf1z.com/html/9/laopochuangshangbankaigeiwopai12P/
最详细性爱记录，从开插到体外射精[39P],http://www.hf1z.com/html/9/zuixiangxixingaijilucongkaichadaotiwaishejing39P/
小马子的极品美鲍 ^^ 好粉哦 ! [13P],http://www.hf1z.com/html/9/xiaomazidejipinmeibaohaofeno13P/
天天操小穴今天来个后庭花[16P],http://www.hf1z.com/html/9/tiantiancaoxiaoxuejintianlaigehoutinghua16P/
多毛少婦老公出差，寂寞難耐就約我去她床上無套操她[11P],http://www.hf1z.com/html/9/duomaoshaofulaogongchuchajimonannaijiujiwoqutachuangshangmotaocaota11P/
喜欢射在她的丝袜上[16P],http://www.hf1z.com/html/9/xihuanshezaitadesiwashang16P/
一天之计在于晨，满足骚妻的淫荡胃口[15P],http://www.hf1z.com/html/9/yitianzhijizaiyuchenmanzusaoqideyindangweikou15P/
大胸鲍鱼逼 [11P],http://www.hf1z.com/html/9/daxiongbaoyubi11P/
老婆穿上制服这感觉真的不一样[22P],http://www.hf1z.com/html/9/laopochuanshangzhifuzheganjuezhendebuyiyang22P/
人妻的肥厚屄和黄瓜玩法 [10P],http://www.hf1z.com/html/9/renqidefeihoubihehuangguawanfa10P/
人妻_年过40的老婆，野外激情自拍 [14P],http://www.hf1z.com/html/9/renqinianguo40delaopoyewaijiqingzipai14P/
小荷才露尖尖角，含苞待放的岁月[16P],http://www.hf1z.com/html/9/xiaohecailujianjianjiaohanbaodaifangdesuiyue16P/
Tsmc台積電波霸美女工程師自拍裸照 [22P],http://www.hf1z.com/html/9/Tsmctaierdianbobameinvgongchengshizipailuozhao22P/
剃了毛再去外拍[18P],http://www.hf1z.com/html/9/tiliaomaozaiquwaipai18P/
鏡子裡年輕老婆的肉體[38P],http://www.hf1z.com/html/9/jingzixuannianqinglaopoderouti38P/
身着透视泳衣酒店内大胆自拍[24P],http://www.hf1z.com/html/9/shenzhuotoushiyongyijiudianneidadanzipai24P/
一個青春美少女邉有偷拿烂货，等待大屌男人開發！！[11P],http://www.hf1z.com/html/9/yigeqingchunmeishaonvbianyoutounalanhuodengdaidadiaonanrenkaibo11P/
欢度春节，骚老婆贡献娇嫩胴体贺新春。[15P],http://www.hf1z.com/html/9/huanduchunjiesaolaopogongxianjiaonendongtihexinchun15P/
老婆说能抓住的只有現在=年輕不要留白[32P],http://www.hf1z.com/html/9/laoposhuonengzhuazhudezhiyouxianzainianqingbuyaoliubai32P/
人妻炮友自拍私密照[24P],http://www.hf1z.com/html/9/renqipaoyouzipaisimizhao24P/
高冷诱惑的小女友，下场也不过如此[17P],http://www.hf1z.com/html/9/gaolengyouhuodexiaonvyouxiachangyebuguoruci17P/
心爱的大咪咪爱人旅館拍照留念[22P],http://www.hf1z.com/html/9/xinaidedamaimaiairenlvguanpaizhaoliunian22P/
不小心翻開公司女同事手機發現的[13P],http://www.hf1z.com/html/9/buxiaoxinfankaigongsinvtongshishoujiboxiande13P/
完美身材女友浴缸裸拍1[26P],http://www.hf1z.com/html/9/wanmeishencainvyouyugangluopai126P/
可爱的护士妹子[19P],http://www.hf1z.com/html/9/keaidehushimeizi19P/
可爱的护士妹子[19P],http://www.hf1z.com/html/9/keaidehushimeizi19P/
不小心翻開公司女同事手機發現的[13P],http://www.hf1z.com/html/9/buxiaoxinfankaigongsinvtongshishoujiboxiande13P/
和情人出游外拍[19P],http://www.hf1z.com/html/9/heqingrenchuyouwaipai19P/
大晚上真空到高架下自拍1[20P],http://www.hf1z.com/html/9/dawanshangzhenkongdaogaojiaxiazipai120P/
這樣的Pose ~ 保證你無法再淡定下去了[37P],http://www.hf1z.com/html/9/yanyangdePosebaozhunimofazaidandingxiaquliao37P/
短髮老婆加上一字毛..新造型 给你惊喜！[30P],http://www.hf1z.com/html/9/duanfalaopojiashangyizimaoxinzaoxinggeinijingxi30P/
美腿丝袜粉木耳，情趣盎然[17P],http://www.hf1z.com/html/9/meituisiwafenmuerqingquangran17P/
发骚货老婆大奶、丝袜、鲍鱼让大家奸淫[8P],http://www.hf1z.com/html/9/fasaohuolaopodanaisiwabaoyurangdajiajianyin8P/
公佈前女友花蓮民宿拍的裸照[32P],http://www.hf1z.com/html/9/gongbuqiannvyouhuasanminsupaideluozhao32P/
带着女友去野外江堤上外拍[32P],http://www.hf1z.com/html/9/daizhuonvyouquyewaijiangdishangwaipai32P/
淫荡女友从楼顶开始一路脱到楼道里[30P],http://www.hf1z.com/html/9/yindangnvyoucongloudingkaishiyilutuodaoloudaoli30P/
花纹丝袜的诱惑，再加上一些些特效真是美爆了 [18P],http://www.hf1z.com/html/9/huawensiwadeyouhuozaijiashangyixiexietexiaozhenshimeibaoliao18P/
在KTV玩女人,酒后的激情[15P],http://www.hf1z.com/html/9/zaiKTVwannvrenjiuhoudejiqing15P/
前凸后翘堪称完美无瑕 [17P],http://www.hf1z.com/html/9/qiantuhouqiaokanchengwanmeiwuxia17P/
我用身体支持国产电影，持续更新〔8P],http://www.hf1z.com/html/9/woyongshentizhichiguochandianyingchixugengxin8P/
好鲜嫩的菜 美汁美滋滋 [15P],http://www.hf1z.com/html/9/haoxiannendecaimeizhimeizizi15P/
和女友自拍,竟然用笔测试鸡巴插入深度[15P],http://www.hf1z.com/html/9/henvyouzipaijingranyongbiceshijibacharushendu15P/
能容下4个手指的骚B熟女，操着没感觉，太松弛了[15P],http://www.hf1z.com/html/9/nengrongxia4geshouzhidesaoBshunvcaozhuomeiganjuetaisongchiliao15P/
和老婆在宾馆拍着玩 [9P],http://www.hf1z.com/html/9/helaopozaibinguanpaizhuowan9P/
性感迷人情趣吊带肉丝美腿真的是魔鬼身材 [10P],http://www.hf1z.com/html/9/xingganmirenqingqudiaodairousimeituizhendeshimoguishencai10P/
中国美女嫁给老外当天洞房激情自拍[17P],http://www.hf1z.com/html/9/zhongguomeinvjiageilaowaidangtiandongfangjiqingzipai17P/
和新钓的小情人在酒店开房[15P],http://www.hf1z.com/html/9/hexindiaodexiaoqingrenzaijiudiankaifang15P/
贵在真实的换妻大战[10P],http://www.hf1z.com/html/9/guizaizhenshidehuanqidazhan10P/
黑丝连体衣兼职大学生，艺校生身材真棒 [19P],http://www.hf1z.com/html/9/heisiliantiyijianzhidaxueshengyixiaoshengshencaizhenbang19P/
少妇看到大长JJ笑的特别开心 张开双腿索要插入 [13P],http://www.hf1z.com/html/9/shaofukandaodachangJJxiaodetebiekaixinzhangkaishuangtuisuoyaocharu13P/
昨天7约22日出差时，去大保健遇到的身材很好的妹妹 [16P],http://www.hf1z.com/html/9/zuotian7yue22richuchashiqudabaojianyudaodeshencaihenhaodemeimei16P/
粉色丝袜平底鞋美眉[12P],http://www.hf1z.com/html/9/fensesiwapingdixiemeimei12P/
超靓清纯大学校花，丰满的身材我已经射了三次[20P],http://www.hf1z.com/html/9/chaojingqingchundaxuexiaohuafengmandeshencaiwoyijingsheliaosanci20P/
卷髮黑丝熟女腿挺长的,是个好炮友 [10P],http://www.hf1z.com/html/9/juanfaheisishunvtuitingchangdeshigehaopaoyou10P/
挚爱医院的护士小骚货[21P],http://www.hf1z.com/html/9/zhiaiyiyuandehushixiaosaohuo21P/
深圳小梅沙海滩的美女[17P],http://www.hf1z.com/html/9/shenchouxiaomeishahaitandemeinv17P/
週末和老婆爱爱 内射后门 [9P],http://www.hf1z.com/html/9/zhoumohelaopoaiaineishehoumen9P/
个性黑丝美女[12P],http://www.hf1z.com/html/9/gexingheisimeinv12P/
路边的美女促销员[16P],http://www.hf1z.com/html/9/lubiandemeinvcuxiaoyuan16P/
看汽车的黑丝丰盈少妇[22P],http://www.hf1z.com/html/9/kanqichedeheisifengyingshaofu22P/
捣腾新自行车的薄衣少妇，原来小肚子也性感[20P],http://www.hf1z.com/html/9/daotengxinzixingchedebaoyishaofuyuanlaixiaoduziyexinggan20P/
刚交的小情人让我夜夜想上她,http://www.hf1z.com/html/9/gangjiaodexiaoqingrenrangwoyeyexiangshangta/
在酒吧跳舞的美女美乳又白又大,http://www.hf1z.com/html/9/zaijiubatiaowudemeinvmeiruyoubaiyouda/
一位刚才厂里出来的妹子很饥渴,http://www.hf1z.com/html/9/yiweigangcaichanglichulaidemeizihenjike/
夜场认识的小姐先是车震然后在开房,http://www.hf1z.com/html/9/yechangrenshidexiaojiexianshichezhenranhouzaikaifang/
我那小表弟才上初二就开始跟女友开房了,http://www.hf1z.com/html/9/wonaxiaobiaodicaishangchuerjiukaishigennvyoukaifangliao/
内心很骚的妹子发春扣穴自慰,http://www.hf1z.com/html/9/neixinhensaodemeizifachunkouxueziwei/
极品一线天鲍鱼性感美乳细腰肥臀小娇妻之与单男3P,http://www.hf1z.com/html/9/jipinyixiantianbaoyuxingganmeiruxiyaofeitunxiaojiaoqizhiyudannan3P/
淫蕩人妻,露臉加生活照,http://www.hf1z.com/html/9/yinshengrenqilumojiashenghuozhao/
网上认识的一位很骚的美女各种诱惑,http://www.hf1z.com/html/9/wangshangrenshideyiweihensaodemeinvgezhongyouhuo/
澎湖文X國小女老師許曉芸偷情,http://www.hf1z.com/html/9/penghuwenXguoxiaonvlaoshiyuxiaoyuntouqing/
女友练过瑜伽穿着黑丝各种高难度动作诱惑,http://www.hf1z.com/html/9/nvyoulianguoyugachuanzhuoheisigezhonggaonandudongzuoyouhuo/
女友口交技术被我调教的很舒服,http://www.hf1z.com/html/9/nvyoukoujiaojishubeiwodiaojiaodehenshufu/
看黄片现场跟女友学动作,http://www.hf1z.com/html/9/kanhuangpianxianchanggennvyouxuedongzuo/
经过一番激情内射炮友那黑木耳,http://www.hf1z.com/html/9/jingguoyifanjiqingneishepaoyounaheimuer/
很漂亮的妹子这白嫩美乳和肉丝腿好迷人,http://www.hf1z.com/html/9/henpiaoliangdemeizizhebainenmeiruherousituihaomiren/
还是感觉老婆穿上情趣黑丝后超级诱惑,http://www.hf1z.com/html/9/huanshiganjuelaopochuanshangqingquheisihouchaojiyouhuo/
服务很好的小姐黑丝情趣内衣诱惑,http://www.hf1z.com/html/9/fuwuhenhaodexiaojieheisiqingquneiyiyouhuo/
粉木耳女友感觉只有这样的肉棒才能满足她,http://www.hf1z.com/html/9/fenmuernvyouganjuezhiyouzheyangderoubangcainengmanzuta/
丰满肉感身材人妻可以乳交真性福,http://www.hf1z.com/html/9/fengmanrouganshencairenqikeyirujiaozhenxingfu/
给老婆买条黑丝晚上玩激情翘臀性爱,http://www.hf1z.com/html/9/geilaopomaitiaoheisiwanshangwanjiqingqiaotunxingai/
绿色丝袜翘臀露穴你能忍住诱惑么,http://www.hf1z.com/html/9/lvsesiwaqiaotunluxueninengrenzhuyouhuome/
苗条身材肉丝少妇饥渴的时候就喜欢自慰,http://www.hf1z.com/html/9/miaotiaoshencairousishaofujikedeshihoujiuxihuanziwei/
肉感身材美貌想做爱的时候那骚穴直流淫水,http://www.hf1z.com/html/9/rouganshencaimeimaoxiangzuoaideshihounasaoxuezhiliuyinshui/
我那大学女友很想做腿模诱人魔鬼身材,http://www.hf1z.com/html/9/wonadaxuenvyouhenxiangzuotuimoyourenmoguishencai/
我这调教的乖巧的美貌肉丝翘臀诱惑,http://www.hf1z.com/html/9/wozhediaojiaodeguaiqiaodemeimaorousiqiaotunyouhuo/
大JJ露脸爆操美女相亲对像 [10P],http://www.hf1z.com/html/9/daJJlulianbaocaomeinvxiangqinduixiang10P/
黑丝袜的诱惑 [12P],http://www.hf1z.com/html/9/heisiwadeyouhuo12P/
19岁一线天 真的很嫩 [11P],http://www.hf1z.com/html/9/19suiyixiantianzhendehennen11P/
教师不肯露脸,光看胸和唇就知是位美女 [10P],http://www.hf1z.com/html/9/jiaoshibukenlulianguangkanxionghechunjiuzhishiweimeinv10P/
黑丝人妻 [10P],http://www.hf1z.com/html/9/heisirenqi10P/
小女友情趣诱惑 [17P],http://www.hf1z.com/html/9/xiaonvyouqingquyouhuo17P/
带着公关部的两位先试试活怎幺样 [10P],http://www.hf1z.com/html/9/daizhuogongguanbudeliangweixianshishihuozenmiyang10P/
真粉嫩，爽歪歪，最喜欢足交了 [17P],http://www.hf1z.com/html/9/zhenfennenshuangwaiwaizuixihuanzujiaoliao17P/
酒吧街 偶遇寂寞女 [13P],http://www.hf1z.com/html/9/jiubajieouyujimonv13P/
超诱惑90后小情侣酒店性爱自拍 [10P],http://www.hf1z.com/html/9/chaoyouhuo90houxiaoqinglvjiudianxingaizipai10P/
售楼主管自爆行业潜规则 卖一套房要陪睡一晚 [12P],http://www.hf1z.com/html/9/shoulouzhuguanzibaoxingyeqianguizemaiyitaofangyaopeishuiyiwan12P/
和朋友去爬山 [10P],http://www.hf1z.com/html/9/hepengyouqupashan10P/
良家质量高，大爱白丝袜 [10P],http://www.hf1z.com/html/9/liangjiazhilianggaodaaibaisiwa10P/
美女手机里的自拍 [22P],http://www.hf1z.com/html/9/meinvshoujilidezipai22P/
大胸情人自拍 [14P],http://www.hf1z.com/html/9/daxiongqingrenzipai14P/
贼紧的小穴和鲜嫩乳房能看到血管 [11P],http://www.hf1z.com/html/9/zeijindexiaoxuehexiannenrufangnengkandaoxueguan11P/
暗夜里的诱惑腿好长，身材好美! [11P],http://www.hf1z.com/html/9/anyelideyouhuotuihaochangshencaihaomei11P/
96年女友高清露脸，刚教会的口交 [10P],http://www.hf1z.com/html/9/96niannvyougaoqingluliangangjiaohuidekoujiao10P/
打乳钉的骚妇 [14P],http://www.hf1z.com/html/9/darudingdesaofu14P/
大眼睛的美女 [17P],http://www.hf1z.com/html/9/dayanjingdemeinv17P/
高三学妹鲜嫩粉红的小穴 [11P],http://www.hf1z.com/html/9/gaosanxuemeixiannenfenhongdexiaoxue11P/
身材曼妙小情人 [10P],http://www.hf1z.com/html/9/shencaimanmiaoxiaoqingren10P/
大奶女同事酒店约炮 [11P],http://www.hf1z.com/html/9/danainvtongshijiudianyuepao11P/
只有超大的鸡吧才能塞满她的屄 [14P],http://www.hf1z.com/html/9/zhiyouchaodadejibacainengsaimantadebi14P/
丁字裤粉木耳，太诱人了吧 [13P],http://www.hf1z.com/html/9/dingzikufenmuertaiyourenliaoba13P/
夏天到了，我们的福利也到 了[25P],http://www.hf1z.com/html/9/xiatiandaoliaowomendefuliyedaoliao25P/
我女朋友的屄還不錯吧？就是菊花有個小息肉[19P],http://www.hf1z.com/html/9/wonvpengyoudebihaibucubajiushijuhuayougexiaoxirou19P/
现在的学生妹很骚啊，不过长得不错[10P],http://www.hf1z.com/html/9/xianzaidexueshengmeihensaoabuguochangdebucuo10P/
阴毛浓密 木耳都特黑了 性慾超强的 [10P],http://www.hf1z.com/html/9/yinmaonongmimuerduteheiliaoxingyuchaoqiangde10P/
勾兑两个月终于上手，超靓迪奥专柜小姐酒店开房自拍[15P],http://www.hf1z.com/html/9/gouduilianggeyuezhongyushangshouchaojingdiaozhuanguixiaojiejiudiankaifangzipai15P/
工厂妹在租房裏穿得太诱惑了，被男人看到真受不了她 [13P],http://www.hf1z.com/html/9/gongchangmeizaizufangxuanchuandetaiyouhuoliaobeinanrenkandaozhenshoubuliaota13P/
女友丝袜诱惑，狂操小骚B[12P],http://www.hf1z.com/html/9/nvyousiwayouhuokuangcaoxiaosaoB12P/
居家人妻野外打炮[17P],http://www.hf1z.com/html/9/jujiarenqiyewaidapao17P/
搞了一个馒头逼的妹妹[10P],http://www.hf1z.com/html/9/gaoliaoyigemantoubidemeimei10P/
任丘雁翎公园街拍美眉[11P],http://www.hf1z.com/html/9/renqiuyanlinggongyuanjiepaimeimei11P/
激情开放的两口子，操逼的姿势很多[10P],http://www.hf1z.com/html/9/jiqingkaifangdeliangkouzicaobidezishihenduo10P/
青岛银沙滩开心的少妇[25P],http://www.hf1z.com/html/9/qingdaoyinshatankaixindeshaofu25P/
后入我如花似玉的小娇妻[10P],http://www.hf1z.com/html/9/houruworuhuasiyudexiaojiaoqi10P/
就知道玩手机的蓝衣小妞，绑起来让她爽到求饶 [11P],http://www.hf1z.com/html/9/jiuzhidaowanshoujidelanyixiaohaobangqilairangtashuangdaoqiurao11P/
平潭沙滩街拍好身材美女[11P],http://www.hf1z.com/html/9/pingtanshatanjiepaihaoshencaimeinv11P/
双腿间的诱惑，MM,你的小内裤我都看到啦[15P],http://www.hf1z.com/html/9/shuangtuijiandeyouhuoMMnidexiaoneikuwodukandaola15P/
他家小三自拍 [15P],http://www.hf1z.com/html/9/tajiaxiaosanzipai15P/
紧身翘臀美腿，不看是你的损失[14P],http://www.hf1z.com/html/9/jinshenqiaotunmeituibukanshinidesunshi14P/
莲岳路街拍长发吊带女孩[11P],http://www.hf1z.com/html/9/lianyuelujiepaichangfadiaodainvhai11P/
红粉俏少妇情人紫醉迷情网袜诱惑 [10P],http://www.hf1z.com/html/9/hongfenqiaoshaofuqingrenzizuimiqingwangwayouhuo10P/
街拍黑色丝袜紧身裙美女[12P],http://www.hf1z.com/html/9/jiepaiheisesiwajinshenqunmeinv12P/
街拍薄纱短裙时尚美女的诱惑美腿[12P],http://www.hf1z.com/html/9/jiepaibaoshaduanqunshishangmeinvdeyouhuomeitui12P/
性感黑丝长髮女孩 [12P],http://www.hf1z.com/html/9/xingganheisichangfanvhai12P/
峨岭正街的两个美少妇[17P],http://www.hf1z.com/html/9/elingzhengjiedelianggemeishaofu17P/
环岛路椰风寨沙滩的泳装女孩[11P],http://www.hf1z.com/html/9/huandaoluyefengzhaishatandeyongzhuangnvhai11P/
往事值得回味，分享前女友 [10P],http://www.hf1z.com/html/9/wangshizhidehuiweifenxiangqiannvyou10P/
极品美女学生装自拍 [10P],http://www.hf1z.com/html/9/jipinmeinvxueshengzhuangzipai10P/
意外嫖到缺钱的OL [10P],http://www.hf1z.com/html/9/yiwaibiaodaoqueqiandeOL10P/
小女友在被窝帮我口爆 [10P],http://www.hf1z.com/html/9/xiaonvyouzaibeiwobangwokoubao10P/
性感MM的D奶诱惑! [12P],http://www.hf1z.com/html/9/xingganMMdeDnaiyouhuo12P/
死党搞的在校生。狠狠鄙视了他一顿 [15P],http://www.hf1z.com/html/9/sidanggaodezaixiaoshenghenhenbishiliaotayidun15P/
有一天战火烧到了家乡.. [11P],http://www.hf1z.com/html/9/youyitianzhanhuoshaodaoliaojiaxiang11P/
白虎女朋友的身材好诱惑 [15P],http://www.hf1z.com/html/9/baihunvpengyoudeshencaihaoyouhuo15P/
90后大奶妹 [14P],http://www.hf1z.com/html/9/90houdanaimei14P/
天空依然阴霾依然有鸽子在飞翔 [12P],http://www.hf1z.com/html/9/tiankongyiranyinliyiranyougezizaifeixiang12P/
身材,长相,活,各方面都不错的小妹 [10P],http://www.hf1z.com/html/9/shencaichangxianghuogefangmiandubucuodexiaomei10P/
双飞两姐妹 [11P],http://www.hf1z.com/html/9/shuangfeiliangjiemei11P/
小美女情景自拍 [18P],http://www.hf1z.com/html/9/xiaomeinvqingjingzipai18P/
农村出来的骚妇两身蕾丝装在等大鸡吧 [15P],http://www.hf1z.com/html/9/nongcunchulaidesaofuliangshenleisizhuangzaidengdajiba15P/
调教『肏弄』少女嫩穴.cos水手服癖好！ [10P],http://www.hf1z.com/html/9/diaojiaomannongshaonvnenxuecosshuishoufupihao10P/
大奶情人很会玩 [13P],http://www.hf1z.com/html/9/danaiqingrenhenhuiwan13P/
大奶妹宿舍自拍 [16P],http://www.hf1z.com/html/9/danaimeisushezipai16P/
刚洗完澡发现老婆脱光在沙发上引诱我 [10P],http://www.hf1z.com/html/9/gangxiwanzaofaxianlaopotuoguangzaishafashangyinyouwo10P/
酒店开房叫的小姐 [15P],http://www.hf1z.com/html/9/jiudiankaifangjiaodexiaojie15P/
浑圆白嫩的大咪咪和诱惑连体网袜，给你绝对的视觉冲击 [10P],http://www.hf1z.com/html/9/hunyuanbainendedamaimaiheyouhuoliantiwangwageinijueduideshijuechongji10P/
骚妇勾引 [10P],http://www.hf1z.com/html/9/saofugouyin10P/
逼毛这幺多，性慾一定很旺盛吧 [10P],http://www.hf1z.com/html/9/bimaozhemiduoxingyuyidinghenwangshengba10P/
在夜色中的阳台上裸露! [10P],http://www.hf1z.com/html/9/zaiyesezhongdeyangtaishangluolu10P/
齐人之福！约炮姐妹花！ [17P],http://www.hf1z.com/html/9/qirenzhifuyuepaojiemeihua17P/
微信约到个小妞 [10P],http://www.hf1z.com/html/9/weixinyuedaogexiaohao10P/
艺术学校的嫩妞 [15P],http://www.hf1z.com/html/9/yishuxuexiaodenenhao15P/
宾馆自拍，绝对真实 [13P],http://www.hf1z.com/html/9/binguanzipaijueduizhenshi13P/
超级听话的小女友让我性福无比 [10P],http://www.hf1z.com/html/9/chaojitinghuadexiaonvyourangwoxingfuwubi10P/
轻熟女，眼神诱人！ [10P],http://www.hf1z.com/html/9/qingshunvyanshenyouren10P/
翘着臀扒穴等我后入 [16P],http://www.hf1z.com/html/9/qiaozhuotunbaxuedengwohouru16P/
大骚货 [18P],http://www.hf1z.com/html/9/dasaohuo18P/
苗条的身材挺诱人 [10P],http://www.hf1z.com/html/9/miaotiaodeshencaitingyouren10P/
既时尚又开放的爱玩cosplay的小妞 [19P],http://www.hf1z.com/html/9/jishishangyoukaifangdeaiwancosplaydexiaohao19P/
少妇大胆露咪咪 露内内.. [13P],http://www.hf1z.com/html/9/shaofudadanlumaimailuneinei13P/
老师也疯狂 [17P],http://www.hf1z.com/html/9/laoshiyefengkuang17P/
大学女友我飘飘欲仙 [10P],http://www.hf1z.com/html/9/daxuenvyouwopiaopiaoyuxian10P/
骚妻泳池也不安分 [16P],http://www.hf1z.com/html/9/saoqiyongchiyebuanfen16P/
上个月才交到的女友还没有开始做爱毛都湿了 [15P],http://www.hf1z.com/html/9/shanggeyuecaijiaodaodenvyouhuanmeiyoukaishizuoaimaodushiliao15P/
这毛毛刮了感觉真是骚啊，瘦瘦的挺好插的 [15P],http://www.hf1z.com/html/9/zhemaomaogualiaoganjuezhenshisaoashoushoudetinghaochade15P/
情人风骚呈现 [14P],http://www.hf1z.com/html/9/qingrenfengsaochengxian14P/
平日乖乖淑女也一样的骚 [18P],http://www.hf1z.com/html/9/pingriguaiguaishunvyeyiyangdesao18P/
颜射黑丝熟妇 [14P],http://www.hf1z.com/html/9/yansheheisishufu14P/
我小姨子的身材真棒啊 [13P],http://www.hf1z.com/html/9/woxiaoyizideshencaizhenbanga13P/
航空母鸡 [11P],http://www.hf1z.com/html/9/hangkongmuji11P/
和异地网友的一次约炮 [14P],http://www.hf1z.com/html/9/heyidiwangyoudeyiciyuepao14P/
週末良家 [12P],http://www.hf1z.com/html/9/zhoumoliangjia12P/
学生妹双洞齐开 [14P],http://www.hf1z.com/html/9/xueshengmeishuangdongqikai14P/
把女友灌醉后姦淫~拍下裸照留念 [11P],http://www.hf1z.com/html/9/banvyouguanzuihoujianyinpaixialuozhaoliunian11P/
真的很可爱服务到位..~! [11P],http://www.hf1z.com/html/9/zhendehenkeaifuwudaowei11P/
大居家情人 [13P],http://www.hf1z.com/html/9/dajujiaqingren13P/
和新钓的小情人在酒店开房 [15P],http://www.hf1z.com/html/9/hexindiaodexiaoqingrenzaijiudiankaifang15P/
和老婆体验一次地毯激情 [10P],http://www.hf1z.com/html/9/helaopotiyanyiciditanjiqing10P/
我可爱的妹子冲我笑 [10P],http://www.hf1z.com/html/9/wokeaidemeizichongwoxiao10P/
小身材也有大慾望 [16P],http://www.hf1z.com/html/9/xiaoshencaiyeyoudayuwang16P/
3P美娇娘 [17P],http://www.hf1z.com/html/9/3Pmeijiaoniang17P/
我的炮友老闆娘 [16P],http://www.hf1z.com/html/9/wodepaoyoulaobanniang16P/
路边按摩店竟然有如此极品，以后就只来这家了 [15P],http://www.hf1z.com/html/9/lubiananmodianjingranyourucijipinyihoujiuzhilaizhejialiao15P/
白皙大奶美女自慰掰穴 [16P],http://www.hf1z.com/html/9/baixidanaimeinvziweibaixue16P/
乖巧迷人可爱的妹子帮我消火 [10P],http://www.hf1z.com/html/9/guaiqiaomirenkeaidemeizibangwoxiaohuo10P/
开放的小胸妹 [20P],http://www.hf1z.com/html/9/kaifangdexiaoxiongmei20P/
定焦镜头拍无码超讚 [14P],http://www.hf1z.com/html/9/dingjiaojingtoupaiwumachaozhu14P/
KTV包厢玩 [10P],http://www.hf1z.com/html/9/KTVbaoxiangwan10P/
少妇用纹身遮疤痕 [14P],http://www.hf1z.com/html/9/shaofuyongwenshenzhebahen14P/
好投入，一边看一边实践 [19P],http://www.hf1z.com/html/9/haotouruyibiankanyibianshijian19P/
单反高清系列之情迷小护士 [19P],http://www.hf1z.com/html/9/danfangaoqingxiliezhiqingmixiaohushi19P/
家中黑色透明的晚装 [14P],http://www.hf1z.com/html/9/jiazhongheisetoumingdewanzhuang14P/
超漂亮网友MM！ [36P],http://www.hf1z.com/html/9/chaopiaoliangwangyouMM36P/
和很久不见的初恋的拍照留念 [18P],http://www.hf1z.com/html/9/hehenjiubujiandechuliandepaizhaoliunian18P/
国产群P，场面相当淫乱 [14P],http://www.hf1z.com/html/9/guochanqunPchangmianxiangdangyinluan14P/
要被玩坏了 [10P],http://www.hf1z.com/html/9/yaobeiwanhuailiao10P/
狠狠地干面具女 [35P],http://www.hf1z.com/html/9/henhendiganmianjunv35P/
大年夜宾馆大战98年粉木耳 [16P],http://www.hf1z.com/html/9/danianyebinguandazhan98nianfenmuer16P/
老婆的小嘴和大屁股很给力 [10P],http://www.hf1z.com/html/9/laopodexiaozuihedapiguhengeili10P/
极品身材主动献身过夜 [19P],http://www.hf1z.com/html/9/jipinshencaizhudongxianshenguoye19P/
36F爆乳女友 [13P],http://www.hf1z.com/html/9/36Fbaorunvyou13P/
95后小女友大白免和小粉鲍 [14P],http://www.hf1z.com/html/9/95houxiaonvyoudabaimianhexiaofenbao14P/
温柔的小媳妇给大家欣赏~~ [29P],http://www.hf1z.com/html/9/wenroudexiaoxifugeidajiaxinshang29P/
骚骚的姿势好诱人 [10P],http://www.hf1z.com/html/9/saosaodezishihaoyouren10P/
对着少妇的大屁股，两个淫洞都张开了 [9P],http://www.hf1z.com/html/9/duizhuoshaofudedapigulianggeyindongduzhangkailiao9P/
诱人的红指甲 [11P],http://www.hf1z.com/html/9/yourendehongzhijia11P/
Lover等待梦中的爱人 [10P],http://www.hf1z.com/html/9/Loverdengdaimengzhongdeairen10P/
90后小炮友，奶大臀圆，小巧玲珑，乖巧听话 [13P],http://www.hf1z.com/html/9/90houxiaopaoyounaidatunyuanxiaoqiaolinglongguaiqiaotinghua13P/
北京舞蹈学院的两个妹子 [10P],http://www.hf1z.com/html/9/beijingwudaoxueyuandelianggemeizi10P/
骚货穿着丝袜就开干 [18P],http://www.hf1z.com/html/9/saohuochuanzhuosiwajiukaigan18P/
炮友逼比情人还好，先口交后插逼 [15P],http://www.hf1z.com/html/9/paoyoubibiqingrenhuanhaoxiankoujiaohouchabi15P/
后入95年妹子处子之身，我一定好好待你 [10P],http://www.hf1z.com/html/9/houru95nianmeizichuzizhishenwoyidinghaohaodaini10P/
骚逼漂流瓶遇到的乖乖女 [5P],http://www.hf1z.com/html/9/saobipiaoliupingyudaodeguaiguainv5P/
已婚少妇的激情 [11P],http://www.hf1z.com/html/9/yihunshaofudejiqing11P/
以前经常关顾的丝足小妹可惜只卖艺啊 [69P],http://www.hf1z.com/html/9/yiqianjingchangguangudesizuxiaomeikexizhimaiyia69P/
女友就是水多，操一次屄能把床单都弄湿 [12P],http://www.hf1z.com/html/9/nvyoujiushishuiduocaoyicibinengbachuangdandunongshi12P/
约了个90后的妹子开房 [14P],http://www.hf1z.com/html/9/yueliaoge90houdemeizikaifang14P/
淫蕩少妇，拍照的刺激，情人很是动情很快就到了高潮 [10P],http://www.hf1z.com/html/9/yinshengshaofupaizhaodecijiqingrenhenshidongqinghenkuaijiudaoliaogaochao10P/
皮肤粉嫩屁股翘，白虎小B一线天 [6P],http://www.hf1z.com/html/9/pifufennenpiguqiaobaihuxiaoByixiantian6P/
少妇每当寂寞了，就喜欢用玩具自己满足自己 [10P],http://www.hf1z.com/html/9/shaofumeidangjimoliaojiuxihuanyongwanjuzijimanzuziji10P/
有如此诱人的尤物，真是情难自禁 [18P],http://www.hf1z.com/html/9/youruciyourendeyouwuzhenshiqingnanzijin18P/
丰满孕妻，供狼友观赏 [8P],http://www.hf1z.com/html/9/fengmanyunqigonglangyouguanshang8P/
一大早被老婆叫醒起来晨练了 [26P],http://www.hf1z.com/html/9/yidazaobeilaopojiaoxingqilaichenlianliao26P/
绝对真实已婚同事，值得去细细欣赏 [13P],http://www.hf1z.com/html/9/jueduizhenshiyihuntongshizhidequxixixinshang13P/
首次露出 [22P],http://www.hf1z.com/html/9/shouciluchu22P/
三天搞定饥渴少妇 [12P],http://www.hf1z.com/html/9/santiangaodingjikeshaofu12P/
学生妹大学教室露出，很嫩 [14P],http://www.hf1z.com/html/9/xueshengmeidaxuejiaoshiluchuhennen14P/
丝袜长腿美女，应有尽有，新鲜奶牛 [12P],http://www.hf1z.com/html/9/siwachangtuimeinvyingyoujinyouxinxiannainiu12P/
气质OL床伴 [22P],http://www.hf1z.com/html/9/qizhiOLchuangban22P/
90后女孩的第一次 [9P],http://www.hf1z.com/html/9/90hounvhaidediyici9P/
4s店少妇为了卖车主动约炮技术一流叫床一流 [19P],http://www.hf1z.com/html/9/4sdianshaofuweiliaomaichezhudongyuepaojishuyiliujiaochuangyiliu19P/
丰臀少妇的自拍 粉色内衣和乳头 [9P],http://www.hf1z.com/html/9/fengtunshaofudezipaifenseneiyiherutou9P/
百变小萝莉开发中ing [20P],http://www.hf1z.com/html/9/baibianxiaoluolikaifazhonging20P/
约炮约到的极品神器 [9P],http://www.hf1z.com/html/9/yuepaoyuedaodejipinshenqi9P/
足球宝贝，这身材,这小穴，真是没得说呀 [10P],http://www.hf1z.com/html/9/zuqiubaobeizheshencaizhexiaoxuezhenshimeideshuoya10P/
老婆和别人操逼 [8P],http://www.hf1z.com/html/9/laopohebierencaobi8P/
据说是大学生 [10P],http://www.hf1z.com/html/9/jushuoshidaxuesheng10P/
带情人开房去学小丽玩自拍 [10P],http://www.hf1z.com/html/9/daiqingrenkaifangquxuexiaoliwanzipai10P/
深圳奶大翘臀瑜伽教练 [10P],http://www.hf1z.com/html/9/shenchounaidaqiaotunyugajiaolian10P/
少妇把毛毛剃乾净很好看，以后舔她逼逼就爽了 [15P],http://www.hf1z.com/html/9/shaofubamaomaotiqianjinghenhaokanyihoutiantabibijiushuangliao15P/
曾经的漂亮的师姐,好怀念，剃毛露脸打炮 [10P],http://www.hf1z.com/html/9/zengjingdepiaoliangdeshijiehaohuainiantimaoluliandapao10P/
床上功夫很厉害的妹妹 [12P],http://www.hf1z.com/html/9/chuangshanggongfuhenlihaidemeimei12P/
私拍女奴 [27P],http://www.hf1z.com/html/9/sipainvnu27P/
青春痘妹妹技术一流，黑丝诱惑 [16P],http://www.hf1z.com/html/9/qingchundoumeimeijishuyiliuheisiyouhuo16P/
说什幺都不肯露脸的女研究生 [12P],http://www.hf1z.com/html/9/shuoshimidubukenluliandenvyanjiusheng12P/
少妇让我帮她修相机SD卡里的福利 [18P],http://www.hf1z.com/html/9/shaofurangwobangtaxiuxiangjiSDkalidefuli18P/
清秀的少妇 [11P],http://www.hf1z.com/html/9/qingxiudeshaofu11P/
好身材超诱人，与少妇偶遇，美图配文字，点燃你的激情 [15P],http://www.hf1z.com/html/9/haoshencaichaoyourenyushaofuouyumeitupeiwenzidianrannidejiqing15P/
黑丝网袜高跟女王，吸爆你 [8P],http://www.hf1z.com/html/9/heisiwangwagaogennvwangxibaoni8P/
娇妻完结篇 [17P],http://www.hf1z.com/html/9/jiaoqiwanjiepian17P/
齐逼短裙白丝配上黑色蕾丝的顶级诱惑 [10P],http://www.hf1z.com/html/9/qibiduanqunbaisipeishangheiseleisidedingjiyouhuo10P/
戴套插插小骚妹，炮架不错！身材正点！ [17P],http://www.hf1z.com/html/9/daitaochachaxiaosaomeipaojiabucuoshencaizhengdian17P/
紫衣少妇 [10P],http://www.hf1z.com/html/9/ziyishaofu10P/
今天又和小姨子干了一炮 [10P],http://www.hf1z.com/html/9/jintianyouhexiaoyiziganliaoyipao10P/
陌陌上认识的一位骚女看上去很饥渴的样子 [14P],http://www.hf1z.com/html/9/momoshangrenshideyiweisaonvkanshangquhenjikedeyangzi14P/
大咪咪的小骚货 [12P],http://www.hf1z.com/html/9/damaimaidexiaosaohuo12P/
很勾引人 [10P],http://www.hf1z.com/html/9/hengouyinren10P/
妹子发骚求草 [11P],http://www.hf1z.com/html/9/meizifasaoqiucao11P/
情人决定翘起屁股给你们看 [13P],http://www.hf1z.com/html/9/qingrenjuedingqiaoqipigugeinimenkan13P/
很极品的大美女家里发情 [10P],http://www.hf1z.com/html/9/henjipindedameinvjialifaqing10P/
大奶网友发来美乳和嫩屄照色诱我 [18P],http://www.hf1z.com/html/9/danaiwangyoufalaimeiruhenenbizhaoseyouwo18P/
身材好，穴乾净，嫩 [13P],http://www.hf1z.com/html/9/shencaihaoxueqianjingnen13P/
身材好 大长美腿 很美好的一次体验 [10P],http://www.hf1z.com/html/9/shencaihaodachangmeituihenmeihaodeyicitiyan10P/
E罩杯的美女 [20P],http://www.hf1z.com/html/9/Ezhaobeidemeinv20P/
粉红色乳头粉嫩的木耳在家里裸露 [15P],http://www.hf1z.com/html/9/fenhongserutoufennendemuerzaijialiluolu15P/
娇滴滴的逼逼冒水 [12P],http://www.hf1z.com/html/9/jiaodididebibimaoshui12P/
大屁股炮友 [10P],http://www.hf1z.com/html/9/dapigupaoyou10P/
和情人在废弃工厂 [10P],http://www.hf1z.com/html/9/heqingrenzaifeiqigongchang10P/
见过真正的一线鲍吗 _ 才19岁哦，真的很嫩 [11P],http://www.hf1z.com/html/9/jianguozhenzhengdeyixianbaomacai19suiozhendehennen11P/
狗奴训练--蹂躏之耻 [10P],http://www.hf1z.com/html/9/gounuxunlianroulinzhichi10P/
风骚——哇塞！完美乳房，白嫩皮肤,紧实小腹,不失为美女 [14P],http://www.hf1z.com/html/9/fengsaowasaiwanmeirufangbainenpifujinshixiaofubushiweimeinv14P/
週末开车出去见网友.白嫩的小皮肤，车里把她干了 [14P],http://www.hf1z.com/html/9/zhoumokaichechuqujianwangyoubainendexiaopifuchelibataganliao14P/
调教人妻 [10P],http://www.hf1z.com/html/9/diaojiaorenqi10P/
少妇的3P [10P],http://www.hf1z.com/html/9/shaofude3P10P/
人妻刚生完孩子不久那丰满的巨乳好大还会流奶 [10P],http://www.hf1z.com/html/9/renqigangshengwanhaizibujiunafengmandejuruhaodahuanhuiliunai10P/
公司的巨乳 ~ 一个个搞来玩 [15P],http://www.hf1z.com/html/9/gongsidejuruyigegegaolaiwan15P/
女友在家中拍摄的生活照[30P],http://www.hf1z.com/html/9/nvyouzaijiazhongpaishedeshenghuozhao30P/
给我秀各种情趣[16P],http://www.hf1z.com/html/9/geiwoxiugezhongqingqu16P/
女友真空逛超市自拍[25P],http://www.hf1z.com/html/9/nvyouzhenkongguangchaoshizipai25P/
性感人妻酒店客房中的自拍作品[30P],http://www.hf1z.com/html/9/xingganrenqijiudiankefangzhongdezipaizuopin30P/
听说他的女友很骚，身材很极品[15P],http://www.hf1z.com/html/9/tingshuotadenvyouhensaoshencaihenjipin15P/
熟女老婆大晚上在男廁所自拍[34P],http://www.hf1z.com/html/9/shunvlaopodawanshangzainancesuozipai34P/
粉紅穴不看可惜不用更可 惜一定要好好愛惜小心使用2[33P],http://www.hf1z.com/html/9/fenjixuebukankexibuyonggengkexiyidingyaohaohaoaixixiaoxinshiyong233P/
老婆就是肉感！水多操起来真爽！[31P],http://www.hf1z.com/html/9/laopojiushirouganshuiduocaoqilaizhenshuang31P/
露脸骚妇白色吊带丁字裤[10P],http://www.hf1z.com/html/9/luliansaofubaisediaodaidingziku10P/
女友真空逛超市自拍[25P],http://www.hf1z.com/html/9/nvyouzhenkongguangchaoshizipai25P/
喝醉酒的女同事 [16P],http://www.hf1z.com/html/9/hezuijiudenvtongshi16P/
老婆裸体+暴露女仆装居家自拍[35P],http://www.hf1z.com/html/9/laopoluotibaolunvpuzhuangjujiazipai35P/
陌陌炮友极品身材渔网情趣内衣跳蛋无套口交做爱[39P],http://www.hf1z.com/html/9/momopaoyoujipinshencaiyuwangqingquneiyitiaodanwutaokoujiaozuoai39P/
我的小女友，化不化妆真的不一样2[22P],http://www.hf1z.com/html/9/wodexiaonvyouhuabuhuazhuangzhendebuyiyang222P/
老婆在换丝袜2[30P],http://www.hf1z.com/html/9/laopozaihuansiwa230P/
老婆在换丝袜3[40P],http://www.hf1z.com/html/9/laopozaihuansiwa340P/
露脸骚妇白色吊带丁字裤[10P],http://www.hf1z.com/html/9/luliansaofubaisediaodaidingziku10P/
40岁熟女人妻，裸拍路边放尿[10P],http://www.hf1z.com/html/9/40suishunvrenqiluopailubianfangniao10P/
渴望被操死的寂寞女人[10P],http://www.hf1z.com/html/9/kewangbeicaosidejimonvren10P/
豪华宾馆暴操极品美女 [12P],http://www.hf1z.com/html/9/haohuabinguanbaocaojipinmeinv12P/
今天是个好日子，野外露出最合适了，很刺激的哦[11P],http://www.hf1z.com/html/9/jintianshigehaoriziyewailuchuzuiheshiliaohencijideo11P/
凌晨带老婆去无人的看守公交车上外拍[23P],http://www.hf1z.com/html/9/lingchendailaopoquwurendekanshougongjiaocheshangwaipai23P/
空姐  无与伦比的骚[26P],http://www.hf1z.com/html/9/kongjiewuyulunbidesao26P/
96年大一嫩逼小女友深插第一弹[9P],http://www.hf1z.com/html/9/96niandayinenbixiaonvyoushenchadiyidan9P/
超漂亮网友MM！！！[36P],http://www.hf1z.com/html/9/chaopiaoliangwangyouMM36P/
吉林SM女野外调教露脸 [17P],http://www.hf1z.com/html/9/jilinSMnvyewaidiaojiaolulian17P/
东莞IOS已沦陷，深圳推油不倒——手推，波推，口爆 [42P],http://www.hf1z.com/html/9/dongguanIOSyilunxianshenchoutuiyoubudaoshoutuibotuikoubao42P/
大学教授少妇在金枪伺候下如癡如醉 [13P],http://www.hf1z.com/html/9/daxuejiaoshoushaofuzaijinqiangsihouxiaruchiruzui13P/
女网友黑丝女警制服 [15P],http://www.hf1z.com/html/9/nvwangyouheisinvjingzhifu15P/
上了少妇 [13P],http://www.hf1z.com/html/9/shangliaoshaofu13P/
雪白大奶妹 [11P],http://www.hf1z.com/html/9/xuebaidanaimei11P/
淫蕩夫妻爱爱照 [13P],http://www.hf1z.com/html/9/yinshengfuqiaiaizhao13P/
服务好到我慾火膨胀啊 [13P],http://www.hf1z.com/html/9/fuwuhaodaowoyuhuopengzhanga13P/
看这毛，性慾一定旺盛 [13P],http://www.hf1z.com/html/9/kanzhemaoxingyuyidingwangsheng13P/
黑色网袜白嫩咪咪 [10P],http://www.hf1z.com/html/9/heisewangwabainenmaimai10P/
四川帅哥到此一游 [6P],http://www.hf1z.com/html/9/sichuanshuaigedaociyiyou6P/
好真实的家居自拍 [8P],http://www.hf1z.com/html/9/haozhenshidejiajuzipai8P/
操了个骚货，射了她满嘴，估计有十多毫升 [9P],http://www.hf1z.com/html/9/caoliaogesaohuosheliaotamanzuigujiyoushiduohaosheng9P/
酒吧街遇到个寂寞女，带到宾馆开房直接爽 [18P],http://www.hf1z.com/html/9/jiubajieyudaogejimonvdaidaobinguankaifangzhijieshuang18P/
低调内涵，写意风骚 [11P],http://www.hf1z.com/html/9/didiaoneihanxieyifengsao11P/
女友在家真骚透明蕾丝内裤还有黑丝腿跟情趣内衣 [15P],http://www.hf1z.com/html/9/nvyouzaijiazhensaotoumingleisineikuhuanyouheisituigenqingquneiyi15P/
娇妻系列6 [25P],http://www.hf1z.com/html/9/jiaoqixilie625P/
和少妇开房身材奶子都还不错 [10P],http://www.hf1z.com/html/9/heshaofukaifangshencainaiziduhuanbucuo10P/
骚爆点的熟妇 [7P],http://www.hf1z.com/html/9/saobaodiandeshufu7P/
约个骚货去酒店拍逼逼，很乾净哦 [11P],http://www.hf1z.com/html/9/yuegesaohuoqujiudianpaibibihenqianjingo11P/
老婆的骚逼4 [14P],http://www.hf1z.com/html/9/laopodesaobi414P/
女友扣嫩穴那淫水流的整个手指都是粘粘的 [12P],http://www.hf1z.com/html/9/nvyoukounenxuenayinshuiliudezhenggeshouzhidushizhanzhande12P/
世界盃我也送一对球 [10P],http://www.hf1z.com/html/9/shijiebeiwoyesongyiduiqiu10P/
酒店双飞两个正妹——前凸后翘 [38P],http://www.hf1z.com/html/9/jiudianshuangfeilianggezhengmeiqiantuhouqiao38P/
真实的在卧室里自拍，老婆不穿衣服给我口交 [10P],http://www.hf1z.com/html/9/zhenshidezaiwoshilizipailaopobuchuanyifugeiwokoujiao10P/
晚上下班只有女友可以让我消消火,http://www.hf1z.com/html/9/wanshangxiabanzhiyounvyoukeyirangwoxiaoxiaohuo/
上了一位黑木耳人妻因为太饥渴让我安慰一下她,http://www.hf1z.com/html/9/shangliaoyiweiheimuerrenqiyinweitaijikerangwoanweiyixiata/
大学女友刮掉阴毛翘臀让我从后擦入,http://www.hf1z.com/html/9/daxuenvyouguadiaoyinmaoqiaotunrangwoconghoucaru/
疯狂骚妇酒店山野公园到处炫耀自己的木耳,http://www.hf1z.com/html/9/fengkuangsaofujiudianshanyegongyuandaochuxuanyaozijidemuer/
國內少見的高質量自拍，小夫妻都很嫩，很乾淨,http://www.hf1z.com/html/9/guonashaoyaodegaozhiliangzipaixiaofuqiduhennenhenqiancheng/
女这极品无毛馒头逼太诱人了,http://www.hf1z.com/html/9/nvzhejipinwumaomantoubitaiyourenliao/
漂亮女友性感黑丝情趣内衣秀,http://www.hf1z.com/html/9/piaoliangnvyouxingganheisiqingquneiyixiu/
新交往的舞蹈學院的妹子，高挑配合誘惑美麗,http://www.hf1z.com/html/9/xinjiaowangdewudaohuayuandemeizigaotiaopeihezhahuomeili/
小小護士欲求不滿，玩奶戲逼讓人欲火上身,http://www.hf1z.com/html/9/xiaoxiaozhushiyuqiubumanwannaihubizhurenyuhuoshangshen/
女友这套内衣太性感了,http://www.hf1z.com/html/9/nvyouzhetaoneiyitaixingganliao/
微信新交的小情人首秀,http://www.hf1z.com/html/9/weixinxinjiaodexiaoqingrenshouxiu/
酒店开房小姐性感黑丝情趣内衣诱惑,http://www.hf1z.com/html/9/jiudiankaifangxiaojiexingganheisiqingquneiyiyouhuo/
河北校花生活照曝光原来女神也那么骚,http://www.hf1z.com/html/9/hebeixiaohuashenghuozhaopuguangyuanlainvshenyenamesao/
很紧哒骚货情人,http://www.hf1z.com/html/9/henjindasaohuoqingren/
湿答答的小学妹 硬邦邦的小弟弟,http://www.hf1z.com/html/9/shidadadexiaoxuemeiyingbangbangdexiaodidi/
与野外露出后与骚情人玩SM捆,http://www.hf1z.com/html/9/yuyewailuchuhouyusaoqingrenwanSMkun/
让大家欣赏一下女友那诱人阴唇与美乳,http://www.hf1z.com/html/9/rangdajiaxinshangyixianvyounayourenyinchunyumeiru/
淫荡网友洗澡自拍给我看诱惑我去找她,http://www.hf1z.com/html/9/yindangwangyouxizaozipaigeiwokanyouhuowoquzhaota/
今晚我这长枪要征服我女友的性生活,http://www.hf1z.com/html/9/jinwanwozhechangqiangyaozhengfuwonvyoudexingshenghuo/
上厕所很警觉的漂亮妹子,http://www.hf1z.com/html/9/shangcesuohenjingjuedepiaoliangmeizi/
这么可爱的小良家，掰开嫩穴玩自拍,http://www.hf1z.com/html/9/zhemekeaidexiaoliangjiabaikainenxuewanzipai/
多花一百块让小姐穿上性感黑丝翘臀拍照,http://www.hf1z.com/html/9/duohuayibaikuairangxiaojiechuanshangxingganheisiqiaotunpaizhao/
小騷貨今天要被捆綁，帶來了工具讓她爽一把,http://www.hf1z.com/html/9/xiaosaohuojintianyaobeikunjiandailailiaogongjuzhutashuangyiba/
酒店小姐极品黑丝制服丰满身材各种姿势诱惑,http://www.hf1z.com/html/9/jiudianxiaojiejipinheisizhifufengmanshencaigezhongzishiyouhuo/
白嫩的肌肤诱人水汪汪的骚穴,http://www.hf1z.com/html/9/bainendejifuyourenshuiwangwangdesaoxue/
母狗都准备好的姿势等我进入[13P],http://www.hf1z.com/html/9/mugouduzhunbeihaodezishidengwojinru13P/
少女留洋充分吸收國外的性教育[15P],http://www.hf1z.com/html/9/shaonvliuyangchongfenxishouguowaidexingjiaoyu15P/
漂流瓶认识  真是骚[24P],http://www.hf1z.com/html/9/piaoliupingrenshizhenshisao24P/
情人粉嫩鲍鱼 毛多[10P],http://www.hf1z.com/html/9/qingrenfennenbaoyumaoduo10P/
朋友的老婆我的同事 和人妻玩就是爽[10P],http://www.hf1z.com/html/9/pengyoudelaopowodetongshiherenqiwanjiushishuang10P/
情人的口交加炮图，各种姿势[10P],http://www.hf1z.com/html/9/qingrendekoujiaojiapaotugezhongzishi10P/
震精! 同學帶媽媽公開場所外拍大膽暴露騷逼[30P],http://www.hf1z.com/html/9/zhenjingtonghuadaimamagongkaichangsuowaipaidamobaolusaobi30P/
性感女友居家自拍02[30P],http://www.hf1z.com/html/9/xinggannvyoujujiazipai0230P/
周末在家和亲爱的做爱[12P],http://www.hf1z.com/html/9/zhoumozaijiaheqinaidezuoai12P/
認識的微信妹，約炮在酒店[11P],http://www.hf1z.com/html/9/zhazhudeweixinmeijipaozaijiudian11P/
去桑拿一次叫兩個妞才夠爽! [37P],http://www.hf1z.com/html/9/qusangnayicijiaolianggehaocaigoushuang37P/
皮肤嫩白皙,黑色诱惑。老婆首次暴漏，处女佳作[13P],http://www.hf1z.com/html/9/pifunenbaixiheiseyouhuolaoposhoucibaolouchunvjiazuo13P/
性感女友居家自拍02[30P],http://www.hf1z.com/html/9/xinggannvyoujujiazipai0230P/
印象最深的白虎[10P],http://www.hf1z.com/html/9/yinxiangzuishendebaihu10P/
非常丰满迷人的双乳 真吸引人[10P],http://www.hf1z.com/html/9/feichangfengmanmirendeshuangruzhenxiyinren10P/
眼镜闷骚女同事在她家里勾引我2[17P],http://www.hf1z.com/html/9/yanjingmensaonvtongshizaitajialigouyinwo217P/
酒店里各种姿势诱惑，你能忍多久[10P],http://www.hf1z.com/html/9/jiudianligezhongzishiyouhuoninengrenduojiu10P/
前几天拿下的一少妇[15P],http://www.hf1z.com/html/9/qianjitiannaxiadeyishaofu15P/
性感女友居家自拍02[30P],http://www.hf1z.com/html/9/xinggannvyoujujiazipai0230P/
可愛的大胸蘿莉[23P],http://www.hf1z.com/html/9/keaidedaxiongtali23P/
两只母狗一起上，一个被我玩，一个自己玩！[18P],http://www.hf1z.com/html/9/liangzhimugouyiqishangyigebeiwowanyigezijiwan18P/
長腿騷妻 大膽掰穴外拍[33P],http://www.hf1z.com/html/9/changtuisaoqidamobaixuewaipai33P/
大二女孩自慰02[30P],http://www.hf1z.com/html/9/daernvhaiziwei0230P/
真實人妻居家自拍 [30P],http://www.hf1z.com/html/9/zhenshirenqijujiazipai30P/
补课学生的大奶啊[10P],http://www.hf1z.com/html/9/bukexueshengdedanaia10P/
美女就是口活好 [11P],http://www.hf1z.com/html/9/meinvjiushikouhuohao11P/
您看她饥渴吗 [18P],http://www.hf1z.com/html/9/ninkantajikema18P/
我的粉嫩小炮友 [12P],http://www.hf1z.com/html/9/wodefennenxiaopaoyou12P/
lazy新作-综合 [12P],http://www.hf1z.com/html/9/lazyxinzuozonghe12P/
手机拍摄人妻宾馆被3P [18P],http://www.hf1z.com/html/9/shoujipaisherenqibinguanbei3P18P/
美女，你想约吗？ [13P],http://www.hf1z.com/html/9/meinvnixiangyuema13P/
丝袜美腿 [12P],http://www.hf1z.com/html/9/siwameitui12P/
人妻诱人的小嫩穴  [12P],http://www.hf1z.com/html/9/renqiyourendexiaonenxue12P/
１９岁闷骚姐姐的发骚 [13P],http://www.hf1z.com/html/9/suimensaojiejiedefasao13P/
给老婆刮完毛毛她给我口交 [10P],http://www.hf1z.com/html/9/geilaopoguawanmaomaotageiwokoujiao10P/
性感小少妇的迷人身材让我十分迷恋 [10P],http://www.hf1z.com/html/9/xingganxiaoshaofudemirenshencairangwoshifenmilian10P/
怀念前女友 [15P],http://www.hf1z.com/html/9/huainianqiannvyou15P/
有点小黑的穴穴不过还是够爽 [14P],http://www.hf1z.com/html/9/youdianxiaoheidexuexuebuguohuanshigoushuang14P/
北京性感人妻_美丽的京郊 美丽的老婆 [10P],http://www.hf1z.com/html/9/beijingxingganrenqimeilidejingjiaomeilidelaopo10P/
漂亮妹极品淫蕩自拍好骚 [10P],http://www.hf1z.com/html/9/piaoliangmeijipinyinshengzipaihaosao10P/
身材一流的极品享受 [10P],http://www.hf1z.com/html/9/shencaiyiliudejipinxiangshou10P/
我的大胸女友 [12P],http://www.hf1z.com/html/9/wodedaxiongnvyou12P/
小娇妻在沙发上若隐若现的诱惑! [10P],http://www.hf1z.com/html/9/xiaojiaoqizaishafashangruoyinruoxiandeyouhuo10P/
小蛮腰，第二弹偷拍洗澡还有泳装写真，美的优雅，骚的到位... [13P],http://www.hf1z.com/html/9/xiaomanyaodierdantoupaixizaohuanyouyongzhuangxiezhenmeideyouyasaodedaowei13P/
旅游勾搭上的妹子 [13P],http://www.hf1z.com/html/9/lvyougoudashangdemeizi13P/
大战黑木耳少妇，性慾超强 [10P],http://www.hf1z.com/html/9/dazhanheimuershaofuxingyuchaoqiang10P/
无套体外射精 [13P],http://www.hf1z.com/html/9/wutaotiwaishejing13P/
我的娇妻 [12P],http://www.hf1z.com/html/9/wodejiaoqi12P/
身材好的美女 [11P],http://www.hf1z.com/html/9/shencaihaodemeinv11P/
花了两千大洋约夜店女DJ开房这身材实在诱人小穴还是粉的 [10P],http://www.hf1z.com/html/9/hualiaoliangqiandayangyueyediannvDJkaifangzheshencaishizaiyourenxiaoxuehuanshifende10P/
海天盛筵还会继续，已修正,http://www.hf1z.com/html/9/haitianshengyanhuanhuijixuyixiuzheng/
回家后老婆这诱惑人心骚样黑丝诱惑,http://www.hf1z.com/html/9/huijiahoulaopozheyouhuorenxinsaoyangheisiyouhuo/
跟女友在酒店里的激情夜晚内射骚穴,http://www.hf1z.com/html/9/gennvyouzaijiudianlidejiqingyewanneishesaoxue/
老婆和小姨子一起上性感情趣丝袜诱惑,http://www.hf1z.com/html/9/laopohexiaoyiziyiqishangxingganqingqusiwayouhuo/
饥渴难耐的美貌没人安慰只好有震动棒了,http://www.hf1z.com/html/9/jikenannaidemeimaomeirenanweizhihaoyouzhendongbangliao/
高级酒店高级小姐服务极品身材诱惑,http://www.hf1z.com/html/9/gaojijiudiangaojixiaojiefuwujipinshencaiyouhuo/
丰满身材的女友那骚女都被我擦肿了,http://www.hf1z.com/html/9/fengmanshencaidenvyounasaonvdubeiwocazhongliao/
跟情人野战性感翘臀猛擦内射黑木耳,http://www.hf1z.com/html/9/genqingrenyezhanxingganqiaotunmengcaneisheheimuer/
先用香蕉帮女友松松下面然后在开始,http://www.hf1z.com/html/9/xianyongxiangjiaobangnvyousongsongxiamianranhouzaikaishi/
肉感身材女友被肉棒安慰的那一脸享受的表情,http://www.hf1z.com/html/9/rouganshencainvyoubeiroubanganweidenayilianxiangshoudebiaoqing/
新交的女友很单纯那粉嫩小穴好诱人,http://www.hf1z.com/html/9/xinjiaodenvyouhendanchunnafennenxiaoxuehaoyouren/
在小屋里与炮友的激情时刻,http://www.hf1z.com/html/9/zaixiaowuliyupaoyoudejiqingshike/
三炮就把女友给操的躺在那里不动了,http://www.hf1z.com/html/9/sanpaojiubanvyougeicaodetangzainalibudongliao/
皮肤白嫩大学骚货女友做爱真的好爽,http://www.hf1z.com/html/9/pifubainendaxuesaohuonvyouzuoaizhendehaoshuang/
老婆跟我结婚这么多年那骚穴还是那么粉嫩,http://www.hf1z.com/html/9/laopogenwojiehunzhemeduoniannasaoxuehuanshinamefennen/
很漂亮的一位炮友看她那骚穴就知道她很骚,http://www.hf1z.com/html/9/henpiaoliangdeyiweipaoyoukantanasaoxuejiuzhidaotahensao/
高级服务极品粉木耳黑丝腿小姐真舒服,http://www.hf1z.com/html/9/gaojifuwujipinfenmuerheisituixiaojiezhenshufu/
操了一位好漂亮的小姐很年轻,http://www.hf1z.com/html/9/caoliaoyiweihaopiaoliangdexiaojiehennianqing/
沉溺在甜言蜜语里的小情人终于同意我内射进她的嫩穴,http://www.hf1z.com/html/9/chennizaitianyanmiyulidexiaoqingrenzhongyutongyiwoneishejintadenenxue/
我这淫荡女友饥渴得嫩穴直流淫水,http://www.hf1z.com/html/9/wozheyindangnvyoujikedenenxuezhiliuyinshui/
给女友买的黑丝制服跟自慰棒开始激情,http://www.hf1z.com/html/9/geinvyoumaideheisizhifugenziweibangkaishijiqing/
骨感身材女友那骚穴长得好多阴毛,http://www.hf1z.com/html/9/guganshencainvyounasaoxuechangdehaoduoyinmao/
女友穿着性感黑丝翘臀露穴实在是骚,http://www.hf1z.com/html/9/nvyouchuanzhuoxingganheisiqiaotunluxueshizaishisao/
兄弟俩叫一位小姐双飞老汉推车,http://www.hf1z.com/html/9/xiongdiliajiaoyiweixiaojieshuangfeilaohantuiche/
难得一见的馒头逼好嫩好柔软擦进去好舒服,http://www.hf1z.com/html/9/nandeyijiandemantoubihaonenhaorouruancajinquhaoshufu/
一对大奶子 [10P],http://www.hf1z.com/html/9/yiduidanaizi10P/
玩的开的嫩妹，一对大胸器，身材很棒 [10P],http://www.hf1z.com/html/9/wandekaidenenmeiyiduidaxiongqishencaihenbang10P/
与178极品模特的两次完美约炮 激情小露脸 [12P],http://www.hf1z.com/html/9/yu178jipinmotedeliangciwanmeiyuepaojiqingxiaolulian12P/
大学妹宾馆援交艰难的一年 [11P],http://www.hf1z.com/html/9/daxuemeibinguanyuanjiaojiannandeyinian11P/
学妹好爱玩。真是粉红色的。 [13P],http://www.hf1z.com/html/9/xuemeihaoaiwanzhenshifenhongsede13P/
这样的嫩鲍，真心不错 [23P],http://www.hf1z.com/html/9/zheyangdenenbaozhenxinbucuo23P/
老婆嫩B诱惑新年 [16P],http://www.hf1z.com/html/9/laoponenByouhuoxinnian16P/
黑丝老闆娘 [10P],http://www.hf1z.com/html/9/heisilaobanniang10P/
结婚这幺多年了老婆身材还是这幺好 [13P],http://www.hf1z.com/html/9/jiehunzhemiduonianliaolaoposhencaihuanshizhemihao13P/
微胖人妻真漂亮 [15P],http://www.hf1z.com/html/9/weipangrenqizhenpiaoliang15P/
大屁屁蒙面淫宝宝，后入爽歪歪 [15P],http://www.hf1z.com/html/9/dapipimengmianyinbaobaohourushuangwaiwai15P/
与178极品模特的两次完美约炮 激情小露脸 [13P],http://www.hf1z.com/html/9/yu178jipinmotedeliangciwanmeiyuepaojiqingxiaolulian13P/
带着刚毕业的会计开房留念 [11P],http://www.hf1z.com/html/9/daizhuogangbiyedehuijikaifangliunian11P/
三位黑丝小姐轮草 [15P],http://www.hf1z.com/html/9/sanweiheisixiaojieluncao15P/
骚情人的水晶螺旋按摩棒 [29P],http://www.hf1z.com/html/9/saoqingrendeshuijingluoxuananmobang29P/
黑逼少妇内射淫水直流，长腿丝袜诱惑 [27P],http://www.hf1z.com/html/9/heibishaofuneisheyinshuizhiliuchangtuisiwayouhuo27P/
骚嫩的老婆真舒服 [27P],http://www.hf1z.com/html/9/saonendelaopozhenshufu27P/
慾望强盛一般弱的男生满足不了熟女的要求.. [10P],http://www.hf1z.com/html/9/yuwangqiangshengyibanruodenanshengmanzubuliaoshunvdeyaoqiu10P/
出国旅游，青春纪念 [30P],http://www.hf1z.com/html/9/chuguolvyouqingchunjinian30P/
胖妞制服诱惑有点怪 [14P],http://www.hf1z.com/html/9/panghaozhifuyouhuoyoudianguai14P/
黑丝大奶爽翻天，受不了啦，国产能发育成这样不容易 [16P],http://www.hf1z.com/html/9/heisidanaishuangfantianshoubuliaolaguochannengfayuchengzheyangburongyi16P/
丰满性感的骚。好洞。名器！ [10P],http://www.hf1z.com/html/9/fengmanxinggandesaohaodongmingqi10P/
小人妻的很诱人的嫩穴 ! [12P],http://www.hf1z.com/html/9/xiaorenqidehenyourendenenxue12P/
大奶风骚骚妇服务温馨技术就是好就是价格有点小贵 [10P],http://www.hf1z.com/html/9/danaifengsaosaofufuwuwenxinjishujiushihaojiushijiageyoudianxiaogui10P/
小姨子插起来很有感觉 [15P],http://www.hf1z.com/html/9/xiaoyizichaqilaihenyouganjue15P/
布里斯班的留学生女友盛雯佳,http://www.hf1z.com/html/9/bulisibandeliuxueshengnvyoushengwenjia/
让女友穿着黑丝做爱真的是太刺激了,http://www.hf1z.com/html/9/rangnvyouchuanzhuoheisizuoaizhendeshitaicijiliao/
饥渴少妇那骚穴淫水流不止,http://www.hf1z.com/html/9/jikeshaofunasaoxueyinshuiliubuzhi/
跟小姨子车震那感觉真刺激,http://www.hf1z.com/html/9/genxiaoyizichezhennaganjuezhenciji/
跟女友做爱最喜欢她那小嘴口交的样子,http://www.hf1z.com/html/9/gennvyouzuoaizuixihuantanaxiaozuikoujiaodeyangzi/
给女友买的吊带黑丝做爱时穿着真诱惑,http://www.hf1z.com/html/9/geinvyoumaidediaodaiheisizuoaishichuanzhuozhenyouhuo/
晚上回家老婆躺在床上等我安慰她,http://www.hf1z.com/html/9/wanshanghuijialaopotangzaichuangshangdengwoanweita/
网络红人生活照被曝光这丰满大奶真大,http://www.hf1z.com/html/9/wangluohongrenshenghuozhaobeipuguangzhefengmandanaizhenda/
网上认识一位很饥渴的少妇,http://www.hf1z.com/html/9/wangshangrenshiyiweihenjikedeshaofu/
浴池洗澡湿身诱惑让你看看我那淫荡女友,http://www.hf1z.com/html/9/yuchixizaoshishenyouhuorangnikankanwonayindangnvyou/
以前在厂里上班交往的女友很开放骚穴很诱人,http://www.hf1z.com/html/9/yiqianzaichanglishangbanjiaowangdenvyouhenkaifangsaoxuehenyouren/
宾馆开房叫的小姐肉丝腿黑木耳很骚,http://www.hf1z.com/html/9/binguankaifangjiaodexiaojierousituiheimuerhensao/
还在上高中的妹子白嫩美乳肉感身材,http://www.hf1z.com/html/9/huanzaishanggaozhongdemeizibainenmeirurouganshencai/
美貌在家饥渴难耐的时候只好扣穴,http://www.hf1z.com/html/9/meimaozaijiajikenannaideshihouzhihaokouxue/
老婆穿上黑丝蕾丝内衣透明内裤骚穴骚的流白浆,http://www.hf1z.com/html/9/laopochuanshangheisileisineiyitoumingneikusaoxuesaodeliubaijiang/
开个情趣房叫了一位服务很好人又漂亮的小姐,http://www.hf1z.com/html/9/kaigeqingqufangjiaoliaoyiweifuwuhenhaorenyoupiaoliangdexiaojie/
叫女友洗干净换上丝袜护士制服诱惑,http://www.hf1z.com/html/9/jiaonvyouxiganjinghuanshangsiwahushizhifuyouhuo/
刚交的新女友丰满翘臀黑丝腿诱惑,http://www.hf1z.com/html/9/gangjiaodexinnvyoufengmanqiaotunheisituiyouhuo/
饥渴难耐的少妇刚脱掉衣服那骚穴已经湿了,http://www.hf1z.com/html/9/jikenannaideshaofugangtuodiaoyifunasaoxueyijingshiliao/
一次叫了两位大奶小姐今晚双飞,http://www.hf1z.com/html/9/yicijiaoliaoliangweidanaixiaojiejinwanshuangfei/
饥渴难耐的老婆在床上掰开骚穴等我操,http://www.hf1z.com/html/9/jikenannaidelaopozaichuangshangbaikaisaoxuedengwocao/
淫荡女友买了几条性感情趣内裤,http://www.hf1z.com/html/9/yindangnvyoumailiaojitiaoxingganqingquneiku/
带着女友宾馆开房让大家欣赏一下身材骚穴,http://www.hf1z.com/html/9/daizhuonvyoubinguankaifangrangdajiaxinshangyixiashencaisaoxue/
想做模特的美女极品黑丝腿苗条身材诱惑,http://www.hf1z.com/html/9/xiangzuomotedemeinvjipinheisituimiaotiaoshencaiyouhuo/
我就喜欢这种无毛翘臀黑木耳,http://www.hf1z.com/html/9/wojiuxihuanzhezhongwumaoqiaotunheimuer/
窗户前干紫衣女友 [46P],http://www.hf1z.com/html/9/chuanghuqianganziyinvyou46P/
紫色情迷肥臀口爆样样全 [11P],http://www.hf1z.com/html/9/ziseqingmifeitunkoubaoyangyangquan11P/
小表妹 [11P],http://www.hf1z.com/html/9/xiaobiaomei11P/
粉红的..~思念献给爱性生活的少女 [10P],http://www.hf1z.com/html/9/fenhongdesinianxiangeiaixingshenghuodeshaonv10P/
曾经的女友好害羞 [16P],http://www.hf1z.com/html/9/zengjingdenvyouhaohaixiu16P/
多年前的回忆，给各位上眼瞧瞧 [12P],http://www.hf1z.com/html/9/duonianqiandehuiyigeigeweishangyanqiaoqiao12P/
口活很认真，奶子也是蛮大的，服务到位。 [13P],http://www.hf1z.com/html/9/kouhuohenrenzhennaiziyeshimandadefuwudaowei13P/
有鲍不射射菊花 [19P],http://www.hf1z.com/html/9/youbaobusheshejuhua19P/
骚妇公园露出又带回家操 [19P],http://www.hf1z.com/html/9/saofugongyuanluchuyoudaihuijiacao19P/
黑丝熟女风骚归来屁股又圆了 [13P],http://www.hf1z.com/html/9/heisishunvfengsaoguilaipiguyouyuanliao13P/
多年前的女友 [21P],http://www.hf1z.com/html/9/duonianqiandenvyou21P/
清纯学生妹大尺度私生活曝光 [16P],http://www.hf1z.com/html/9/qingchunxueshengmeidachidusishenghuopuguang16P/
医学院女友假期归来刚到家就赶紧先干一次 [12P],http://www.hf1z.com/html/9/yixueyuannvyoujiaqiguilaigangdaojiajiuganjinxianganyici12P/
漂亮妹极品淫蕩自拍好骚 [15P],http://www.hf1z.com/html/9/piaoliangmeijipinyinshengzipaihaosao15P/
少妇主要约我要求操她 [9P],http://www.hf1z.com/html/9/shaofuzhuyaoyuewoyaoqiucaota9P/
刚上大学的小女友鲍鱼十分水嫩 [17P],http://www.hf1z.com/html/9/gangshangdaxuedexiaonvyoubaoyushifenshuinen17P/
情趣内衣在家慰劳丈夫的.. [20P],http://www.hf1z.com/html/9/qingquneiyizaijiaweilaozhangfude20P/
情人下午没事做 赶紧上酒店来一炮 [11P],http://www.hf1z.com/html/9/qingrenxiawumeishizuoganjinshangjiudianlaiyipao11P/
很有气质的人妻 [14P],http://www.hf1z.com/html/9/henyouqizhiderenqi14P/
新衣服和新玩具 [10P],http://www.hf1z.com/html/9/xinyifuhexinwanju10P/
皮肤身材俱佳，还流得一逼好水 [18P],http://www.hf1z.com/html/9/pifushencaijujiahuanliudeyibihaoshui18P/
我的同事就喜欢玩3P [12P],http://www.hf1z.com/html/9/wodetongshijiuxihuanwan3P12P/
还算粉嫩的淫穴 [12P],http://www.hf1z.com/html/9/huansuanfennendeyinxue12P/
我包养的小骚货，值多少mB [15P],http://www.hf1z.com/html/9/wobaoyangdexiaosaohuozhiduoshaomB15P/
跳蛋、鸡巴轮番调教人妻 [18P],http://www.hf1z.com/html/9/tiaodanjibalunfandiaojiaorenqi18P/
宾馆内射小妹 [14P],http://www.hf1z.com/html/9/binguanneishexiaomei14P/
一对90后情侣在大街上公然亲热 [18P],http://www.hf1z.com/html/9/yidui90houqinglvzaidajieshanggongranqinre18P/
影视学院舞蹈系名媛，可以玩很多姿势 [10P],http://www.hf1z.com/html/9/yingshixueyuanwudaoximingyuankeyiwanhenduozishi10P/
风骚老婆性感诱人让人垂涎 [13P],http://www.hf1z.com/html/9/fengsaolaopoxingganyourenrangrenchuixian13P/
嫩嫩的肉丝是怎样一种感觉 [10P],http://www.hf1z.com/html/9/nennenderousishizenyangyizhongganjue10P/
贡献自己大奶老婆爱爱 [20P],http://www.hf1z.com/html/9/gongxianzijidanailaopoaiai20P/
和情人在宾馆里开干 [36P],http://www.hf1z.com/html/9/heqingrenzaibinguanlikaigan36P/
去女友宿舍打炮，很心急把jj拿出来就操她小穴 [15P],http://www.hf1z.com/html/9/qunvyousushedapaohenxinjibajjnachulaijiucaotaxiaoxue15P/
寂寞少妇骚气十足 [16P],http://www.hf1z.com/html/9/jimoshaofusaoqishizu16P/
乖乖宝贝 [15P],http://www.hf1z.com/html/9/guaiguaibaobei15P/
雪白大奶红润穴 [11P],http://www.hf1z.com/html/9/xuebaidanaihongrunxue11P/
我喜欢多毛的女人 看着这样的女人我性慾就很高，在寝室里面搞 [14P],http://www.hf1z.com/html/9/woxihuanduomaodenvrenkanzhuozheyangdenvrenwoxingyujiuhengaozaiqinshilimiangao14P/
大白奶子真好看，户外露出才刺激 [14P],http://www.hf1z.com/html/9/dabainaizizhenhaokanhuwailuchucaiciji14P/
城中村大战熟女技师 [13P],http://www.hf1z.com/html/9/chengzhongcundazhanshunvjishi13P/
口活很好的骚炮友 [13P],http://www.hf1z.com/html/9/kouhuohenhaodesaopaoyou13P/
我在龙城的小情人 [15P],http://www.hf1z.com/html/9/wozailongchengdexiaoqingren15P/
前女友鲍鱼不错 [34P],http://www.hf1z.com/html/9/qiannvyoubaoyubucuo34P/
把我骚货女友的裸照尽情的展示给大家看 [11P],http://www.hf1z.com/html/9/bawosaohuonvyoudeluozhaojinqingdezhanshigeidajiakan11P/
红色的情趣内裤 [10P],http://www.hf1z.com/html/9/hongsedeqingquneiku10P/
不要害羞都成熟了洗完澡就过来做爱吧.. [13P],http://www.hf1z.com/html/9/buyaohaixiuduchengshuliaoxiwanzaojiuguolaizuoaiba13P/
这白嫩大奶性感黑丝看着都激情,http://www.hf1z.com/html/9/zhebainendanaixingganheisikanzhuodujiqing/
学生妹女友说想让我安慰她那饥渴的嫩穴,http://www.hf1z.com/html/9/xueshengmeinvyoushuoxiangrangwoanweitanajikedenenxue/
人妻性欲很強，脫掉內褲淫水就流了出來,http://www.hf1z.com/html/9/renqixingyuhenjiangmandiaonaxuanyinshuijiuliuliaochulai/
漂亮的妹子沒男人用，只能自己玩道具,http://www.hf1z.com/html/9/piaoliangdemeizimeinanrenyongzhinengzijiwandaoju/
女神拍的野外露點照身材超好就是小穴黑,http://www.hf1z.com/html/9/nvshenpaideyewailudianzhaoshencaichaohaojiushixiaoxuehei/
再会楼凤炮友，享受毒龙钻口交肛交一条龙 [13P],http://www.hf1z.com/html/9/zaihuiloufengpaoyouxiangshoudulongzuankoujiaogangjiaoyitiaolong13P/
情人扭捏秀身姿 [16P],http://www.hf1z.com/html/9/qingrenniuniexiushenzi16P/
双洞齐插爽到爆 [10P],http://www.hf1z.com/html/9/shuangdongqichashuangdaobao10P/
女友用笔测试鸡巴插入深度 [14P],http://www.hf1z.com/html/9/nvyouyongbiceshijibacharushendu14P/
黑裙里的嫩逼 [12P],http://www.hf1z.com/html/9/heiqunlidenenbi12P/
多年前的女友美鲍鱼和菊花鑒赏 [20P],http://www.hf1z.com/html/9/duonianqiandenvyoumeibaoyuhejuhuajianshang20P/
我的骚妻 [11P],http://www.hf1z.com/html/9/wodesaoqi11P/
今年刚满20岁的女友粉嫩的鲍鱼极致诱惑你 [13P],http://www.hf1z.com/html/9/jinniangangman20suidenvyoufennendebaoyujizhiyouhuoni13P/
这样的女子真是骚 [10P],http://www.hf1z.com/html/9/zheyangdenvzizhenshisao10P/
某信约到的小炮友 [13P],http://www.hf1z.com/html/9/mouxinyuedaodexiaopaoyou13P/
情人老公出差了，就和我搞上了 [17P],http://www.hf1z.com/html/9/qingrenlaogongchuchaliaojiuhewogaoshangliao17P/
双飞人妻 [12P],http://www.hf1z.com/html/9/shuangfeirenqi12P/
阳光洒在床上也洒在她的身上，我趴在她身上 [17P],http://www.hf1z.com/html/9/yangguangsazaichuangshangyesazaitadeshenshangwopazaitashenshang17P/
电话换妻大战 [10P],http://www.hf1z.com/html/9/dianhuahuanqidazhan10P/
已为人母的老师 [35P],http://www.hf1z.com/html/9/yiweirenmudelaoshi35P/
熟女的肥鲍鱼，真是很难满足她 [14P],http://www.hf1z.com/html/9/shunvdefeibaoyuzhenshihennanmanzuta14P/
豹纹情人的口技 [16P],http://www.hf1z.com/html/9/baowenqingrendekouji16P/
风骚女一流的身材让你爽到爆！ [9P],http://www.hf1z.com/html/9/fengsaonvyiliudeshencairangnishuangdaobao9P/
这没有人放心插吧～户外无套内射～ [14P],http://www.hf1z.com/html/9/zhemeiyourenfangxinchabahuwaiwutaoneishe14P/
我的女友随便操 [10P],http://www.hf1z.com/html/9/wodenvyousuibiancao10P/
超美、身材很棒的骚女 [10P],http://www.hf1z.com/html/9/chaomeishencaihenbangdesaonv10P/
办公室爆草女同事 [14P],http://www.hf1z.com/html/9/bangongshibaocaonvtongshi14P/
过生日开房，上演空姐制服诱惑 [10P],http://www.hf1z.com/html/9/guoshengrikaifangshangyankongjiezhifuyouhuo10P/
先用震动棒挑逗老婆等她受不了再操 [12P],http://www.hf1z.com/html/9/xianyongzhendongbangtiaodoulaopodengtashoubuliaozaicao12P/
我的女友身材很棒 [14P],http://www.hf1z.com/html/9/wodenvyoushencaihenbang14P/
豆芽街的珍珠奶茶美眉[19P],http://www.hf1z.com/html/9/douyajiedezhenzhunaichameimei19P/
一女多男群P同事的老婆，看不出來，性欲這麼強[10P],http://www.hf1z.com/html/9/yinvduonanqunPtongshidelaopokanbuchulaixingyuyanmajiang10P/
约到的97年嫩妹子 [17P],http://www.hf1z.com/html/9/yuedaode97niannenmeizi17P/
温婉白裙妹 肉丝真性感[11P],http://www.hf1z.com/html/9/wenwanbaiqunmeirousizhenxinggan11P/
车站回家的美女，如花一般的性感迷人[15P],http://www.hf1z.com/html/9/chezhanhuijiademeinvruhuayibandexingganmiren15P/
豹纹齐B，高跟 所有诱惑元素[16P],http://www.hf1z.com/html/9/baowenqiBgaogensuoyouyouhuoyuansu16P/
二人叫一个小姐比叫2个价钱还贵，郁闷了 [14P],http://www.hf1z.com/html/9/errenjiaoyigexiaojiebijiao2gejiaqianhuanguiyumenliao14P/
大王出来巡山了，下一站是哪个山头 [10P],http://www.hf1z.com/html/9/dawangchulaixunshanliaoxiayizhanshinageshantou10P/
女友的屁屁上有纹身加上对你丁字裤的诱惑 [15P],http://www.hf1z.com/html/9/nvyoudepipishangyouwenshenjiashangduinidingzikudeyouhuo15P/
短裙黑丝打底裤多么的诱人[13P],http://www.hf1z.com/html/9/duanqunheisidadikuduomedeyouren13P/
人妻宾馆内多人淫乱 [11P],http://www.hf1z.com/html/9/renqibinguanneiduorenyinluan11P/
黑丝紧臀，很漂亮的大学生[10P],http://www.hf1z.com/html/9/heisijintunhenpiaoliangdedaxuesheng10P/
熟妇也疯狂,中筒粉丝袜[11P],http://www.hf1z.com/html/9/shufuyefengkuangzhongtongfensiwa11P/
性感翘臀的黑丝少妇透露着女人的韵味[11P],http://www.hf1z.com/html/9/xingganqiaotundeheisishaofutouluzhuonvrendeyunwei11P/
今天冒险正面拍黑丝美女,被发现[11P],http://www.hf1z.com/html/9/jintianmaoxianzhengmianpaiheisimeinvbeifaxian11P/
极品街拍，短裙包臀漂亮美眉[12P],http://www.hf1z.com/html/9/jipinjiepaiduanqunbaotunpiaoliangmeimei12P/
街头偶遇黑丝飘飘的性感少妇[12P],http://www.hf1z.com/html/9/jietououyuheisipiaopiaodexingganshaofu12P/
面具下的露乳誘惑[10P],http://www.hf1z.com/html/9/mianjuxiadeluruzhahuo10P/
公司出纳女的老公出差，我终于等到了[15P],http://www.hf1z.com/html/9/gongsichunanvdelaogongchuchawozhongyudengdaoliao15P/
性感的短裙，白色的肉袜，充满诱惑的味道[12P],http://www.hf1z.com/html/9/xinggandeduanqunbaisederouwachongmanyouhuodeweidao12P/
三男一女一起搞，瞬间凌乱了[10P],http://www.hf1z.com/html/9/sannanyinvyiqigaoshunjianlingluanliao10P/
喜欢女友用滑滑的黑丝夹我[13P],http://www.hf1z.com/html/9/xihuannvyouyonghuahuadeheisijiawo13P/
不用套插少妇高潮冒白浆[13P],http://www.hf1z.com/html/9/buyongtaochashaofugaochaomaobaijiang13P/
少女如此粉嫩，真是爱不释屌[10P],http://www.hf1z.com/html/9/shaonvrucifennenzhenshiaibushidiao10P/
宾馆和身材帮帮的女友做爱，多姿势[13P],http://www.hf1z.com/html/9/binguanheshencaibangbangdenvyouzuoaiduozishi13P/
当今流行三人行[11P],http://www.hf1z.com/html/9/dangjinliuxingsanrenxing11P/
对睡着的老婆抓胸抠比大家看她的样子骚吗[11P],http://www.hf1z.com/html/9/duishuizhuodelaopozhuaxiongkoubidajiakantadeyangzisaoma11P/
东莞微信聊得少妇出租屋投入口交[12P],http://www.hf1z.com/html/9/dongguanweixinliaodeshaofuchuzuwutourukoujiao12P/
和风骚情人做爱有露脸[11P],http://www.hf1z.com/html/9/hefengsaoqingrenzuoaiyoululian11P/
北京骚货系列[15P],http://www.hf1z.com/html/9/beijingsaohuoxilie15P/
和宝贝一个月没搞，今天竟然高潮啦[13P],http://www.hf1z.com/html/9/hebaobeiyigeyuemeigaojintianjingrangaochaola13P/
少妇张开大腿，羞涩的等待大鸡鸡的进入[14P],http://www.hf1z.com/html/9/shaofuzhangkaidatuixiusededengdaidajijidejinru14P/
夫妻交友之老婆与单男[24P],http://www.hf1z.com/html/9/fuqijiaoyouzhilaopoyudannan24P/
红唇小幺幺性感清新小自拍 [第一季] [14P],http://www.hf1z.com/html/9/hongchunxiaomimixingganqingxinxiaozipaidiyiji14P/
白丝小学妹 [17P],http://www.hf1z.com/html/9/baisixiaoxuemei17P/
娇妻和按摩男技师[17P],http://www.hf1z.com/html/9/jiaoqiheanmonanjishi17P/
同事真乃公用名器也[16P],http://www.hf1z.com/html/9/tongshizhennaigongyongmingqiye16P/
碰到的无毛女子 爽死了[10P],http://www.hf1z.com/html/9/pengdaodewumaonvzishuangsiliao10P/
同城少妇，穿开档白色丝网裤体验激情[14P],http://www.hf1z.com/html/9/tongchengshaofuchuankaidangbaisesiwangkutiyanjiqing14P/
喜欢口爆的女朋友，每次都让人那么冲动[15P],http://www.hf1z.com/html/9/xihuankoubaodenvpengyoumeicidurangrennamechongdong15P/
宝贝每次见到我的小弟既冲动又兴奋[11P],http://www.hf1z.com/html/9/baobeimeicijiandaowodexiaodijichongdongyouxingfen11P/
背着老公，我和前男友的激情一日 [36P],http://www.hf1z.com/html/9/beizhuolaogongwoheqiannanyoudejiqingyiri36P/
和女神老婆在家做爱自拍 [11P],http://www.hf1z.com/html/9/henvshenlaopozaijiazuoaizipai11P/
非常诱惑人心的少妇这一身黑丝露乳让人慾望大发 [13P],http://www.hf1z.com/html/9/feichangyouhuorenxindeshaofuzheyishenheisilururangrenyuwangdafa13P/
没想到同事床上功夫太棒了，不知道他老公是怎么办的[15P],http://www.hf1z.com/html/9/meixiangdaotongshichuangshanggongfutaibangliaobuzhidaotalaogongshizenmebande15P/
情趣吊带、连体网袜齐上阵，骚女友全套服务开房实录[19P],http://www.hf1z.com/html/9/qingqudiaodailiantiwangwaqishangzhensaonvyouquantaofuwukaifangshilu19P/
第一次让别人拍[10P],http://www.hf1z.com/html/9/diyicirangbierenpai10P/
骚老婆薄码露脸口交，被操，招大鸡吧操我骚老婆[16P],http://www.hf1z.com/html/9/saolaopobaomaluliankoujiaobeicaozhaodajibacaowosaolaopo16P/
近距离微拍OOXX进入细节[11P],http://www.hf1z.com/html/9/jinjuliweipaiOOXXjinruxijie11P/
这屁股，这身段，还颜射[15P],http://www.hf1z.com/html/9/zhepiguzheshenduanhuanyanshe15P/
上大学时暗恋的女生[12P],http://www.hf1z.com/html/9/shangdaxueshianliandenvsheng12P/
皮肤嫩白皙,黑色诱惑。老婆首次暴漏，处女佳作[13P],http://www.hf1z.com/html/9/pifunenbaixiheiseyouhuolaoposhoucibaolouchunvjiazuo13P/
淫荡骚妻正在调教中[20P],http://www.hf1z.com/html/9/yindangsaoqizhengzaidiaojiaozhong20P/
性感女友居家自拍02[30P],http://www.hf1z.com/html/9/xinggannvyoujujiazipai0230P/
三位女主播一起操 累死老子了[10P],http://www.hf1z.com/html/9/sanweinvzhuboyiqicaoleisilaoziliao10P/
乳頭粉紅的嫩妹子被我操的哇哇叫[15P],http://www.hf1z.com/html/9/rutoufenjidenenmeizibeiwocaodewawajiao15P/
kikimushroom自拍露bra露底自拍[20P],http://www.hf1z.com/html/9/kikimushroomzipailubraludizipai20P/
床上練各種高難動作[12P],http://www.hf1z.com/html/9/chuangshangjingeergaonandongzuo12P/
这骚货又传来照片让我上她家干她去！[22P],http://www.hf1z.com/html/9/zhesaohuoyouchuanlaizhaopianrangwoshangtajiagantaqu22P/
骚女友难忍异地寂寞自己挤奶掰穴任人欣赏，并求榴友们羞辱[23P],http://www.hf1z.com/html/9/saonvyounanrenyidijimozijijinaibaixuerenrenxinshangbingqiuliuyoumenxiuru23P/
騷妻系列之沒羞沒臊的性奴生活[12P],http://www.hf1z.com/html/9/saoqixiliezhimeixiumeisaodexingnushenghuo12P/
佛門之地, 不帶一絲煩惱[14P],http://www.hf1z.com/html/9/fomenzhidibudaiyijianfannao14P/
大二女孩自慰01[30P],http://www.hf1z.com/html/9/daernvhaiziwei0130P/
第一眼就讓你驚艷的美女[18P],http://www.hf1z.com/html/9/diyiyanjiuzhunijingpidemeinv18P/
你从未看过这样子的性奴，我是呆住了[36P],http://www.hf1z.com/html/9/nicongweikanguozheyangzidexingnuwoshidaizhuliao36P/
乳頭粉紅的嫩妹子被我操的哇哇叫[15P],http://www.hf1z.com/html/9/rutoufenjidenenmeizibeiwocaodewawajiao15P/
90后豆瓣妹子，豆瓣妹子的私房照个个都是独领风骚 比的就是胸[37P],http://www.hf1z.com/html/9/90houdoubanmeizidoubanmeizidesifangzhaogegedushidulingfengsaobidejiushixiong37P/
人妻_年過40的老婆，野外激情自拍[15P],http://www.hf1z.com/html/9/renqinianguo40delaopoyewaijiqingzipai15P/
騷妻系列之沒羞沒臊的性奴生活[12P],http://www.hf1z.com/html/9/saoqixiliezhimeixiumeisaodexingnushenghuo12P/
佛門之地, 不帶一絲煩惱[14P],http://www.hf1z.com/html/9/fomenzhidibudaiyijianfannao14P/
大二女孩自慰01[30P],http://www.hf1z.com/html/9/daernvhaiziwei0130P/
酒店里各种姿势诱惑，你能忍多久[10P],http://www.hf1z.com/html/9/jiudianligezhongzishiyouhuoninengrenduojiu10P/
白皙妻子身着情趣内衣，镜头下绽放性感[15P],http://www.hf1z.com/html/9/baixiqizishenzhuoqingquneiyijingtouxiazhanfangxinggan15P/
少妇生日当天酒店做爱照[10P],http://www.hf1z.com/html/9/shaofushengridangtianjiudianzuoaizhao10P/
少婦愛大長JJ[13P],http://www.hf1z.com/html/9/shaofuaidachangJJ13P/
熟女的风情无限美好 [14P],http://www.hf1z.com/html/9/shunvdefengqingwuxianmeihao14P/
嫩嫩哒 年轻真好 [14P],http://www.hf1z.com/html/9/nennendanianqingzhenhao14P/
毛多的情人 [10P],http://www.hf1z.com/html/9/maoduodeqingren10P/
楼上的女人，寂寞只能我来陪！口交，足交 [15P],http://www.hf1z.com/html/9/loushangdenvrenjimozhinengwolaipeikoujiaozujiao15P/
春天到了，出门找个小姐消消火 [8P],http://www.hf1z.com/html/9/chuntiandaoliaochumenzhaogexiaojiexiaoxiaohuo8P/
同事私处 [10P],http://www.hf1z.com/html/9/tongshisichu10P/
青岛小生偶遇黑丝娘体外射精 [14P],http://www.hf1z.com/html/9/qingdaoxiaoshengouyuheisiniangtiwaishejing14P/
这样一个女人，可惜只玩过一次 [21P],http://www.hf1z.com/html/9/zheyangyigenvrenkexizhiwanguoyici21P/
真实！这环境，这床，绝对是医院！ [10P],http://www.hf1z.com/html/9/zhenshizhehuanjingzhechuangjueduishiyiyuan10P/
公司同事终于被我搞定好喜欢她那性感的身材和骚穴 [15P],http://www.hf1z.com/html/9/gongsitongshizhongyubeiwogaodinghaoxihuantanaxinggandeshencaihesaoxue15P/
黑丝少妇 [19P],http://www.hf1z.com/html/9/heisishaofu19P/
小姨子玩情趣诱惑 [17P],http://www.hf1z.com/html/9/xiaoyiziwanqingquyouhuo17P/
奶子身材都超级好的女女 [12P],http://www.hf1z.com/html/9/naizishencaiduchaojihaodenvnv12P/
粉红兔子情趣内衣 [12P],http://www.hf1z.com/html/9/fenhongtuziqingquneiyi12P/
透明黑丝情趣内衣 [12P],http://www.hf1z.com/html/9/toumingheisiqingquneiyi12P/
甜蜜女友 口技一流 一炮三响 先射屄中 再射嘴里 全面颜射 超级刺激！！ [17P],http://www.hf1z.com/html/9/tianminvyoukoujiyiliuyipaosanxiangxianshebizhongzaishezuiliquanmianyanshechaojiciji17P/
约了一个妹子在酒店开房约炮，90后长的很嫩 [13P],http://www.hf1z.com/html/9/yueliaoyigemeizizaijiudiankaifangyuepao90houchangdehennen13P/
紫色情迷肥臀口爆样样全 [13P],http://www.hf1z.com/html/9/ziseqingmifeitunkoubaoyangyangquan13P/
我的小学妹 [7P],http://www.hf1z.com/html/9/wodexiaoxuemei7P/
丰满无毛人妻 [20P],http://www.hf1z.com/html/9/fengmanwumaorenqi20P/
宾馆大战学生妹，细腰配上丰乳肥臀 [33P],http://www.hf1z.com/html/9/binguandazhanxueshengmeixiyaopeishangfengrufeitun33P/
肥美的鲍鱼 [12P],http://www.hf1z.com/html/9/feimeidebaoyu12P/
朋友聚会喝多的妹子 [12P],http://www.hf1z.com/html/9/pengyoujuhuiheduodemeizi12P/
约到公司实习生，酒店大战三百回合 [9P],http://www.hf1z.com/html/9/yuedaogongsishixishengjiudiandazhansanbaihuihe9P/
丝袜少妇在家被搞定 [19P],http://www.hf1z.com/html/9/siwashaofuzaijiabeigaoding19P/
狂草豐滿小妹喜歡這對大乳玩起爽,http://www.hf1z.com/html/9/kuangcaofengmanxiaomeixihuanyanduidaruwanqishuang/
今晚我這長槍要征服我女友的性生活,http://www.hf1z.com/html/9/jinwanwoyanchangchengyaozhengfuwonvyoudexingshenghuo/
不怕风来不怕雨,大姐野外自拍高清给你仔细看,http://www.hf1z.com/html/9/bupafenglaibupayudajieyewaizipaigaoqinggeinizixikan/
丰满白嫩大奶酒吧女DJ身材就是完美,http://www.hf1z.com/html/9/fengmanbainendanaijiubanvDJshencaijiushiwanmei/
跟女友开房先把她那黑木耳挑逗湿润,http://www.hf1z.com/html/9/gennvyoukaifangxianbatanaheimuertiaodoushirun/
花七百块叫的黑丝制服小姐这小穴好粉,http://www.hf1z.com/html/9/huaqibaikuaijiaodeheisizhifuxiaojiezhexiaoxuehaofen/
音樂系90後才藝俱佳學生妹自拍套圖,翘起屁股真是诱惑,http://www.hf1z.com/html/9/yinlexi90houcaishujujiahuashengmeizipaitaotuqiaoqipiguzhenshiyouhuo/
骚女的口交技术一流,http://www.hf1z.com/html/9/saonvdekoujiaojishuyiliu/
鸡鸡小伺候不了媳妇啊，媳妇只能自慰了,http://www.hf1z.com/html/9/jijixiaosihoubuliaoxifuaxifuzhinengziweiliao/
国内换妻俱乐部多对夫妻淫乱不堪,http://www.hf1z.com/html/9/guoneihuanqijulebuduoduifuqiyinluanbukan/
与漂亮身材女友第一次开房有点害羞,http://www.hf1z.com/html/9/yupiaoliangshencainvyoudiyicikaifangyoudianhaixiu/
小女友的超级诱惑,http://www.hf1z.com/html/9/xiaonvyoudechaojiyouhuo/
工厂里的妹子出租房中玩自拍晒穴,http://www.hf1z.com/html/9/gongchanglidemeizichuzufangzhongwanzipaishaixue/
国庆出去游玩，跟兄弟分析妻子玩刺激自拍,http://www.hf1z.com/html/9/guoqingchuquyouwangenxiongdifenxiqiziwancijizipai/
酒店里女友穿丝袜情趣内衣自拍照,http://www.hf1z.com/html/9/jiudianlinvyouchuansiwaqingquneiyizipaizhao/
认识一位有钱少妇很饥渴那骚穴还不错,http://www.hf1z.com/html/9/renshiyiweiyouqianshaofuhenjikenasaoxuehuanbucuo/
这嫩穴太粉了奶头与骚穴真的很诱人,http://www.hf1z.com/html/9/zhenenxuetaifenliaonaitouyusaoxuezhendehenyouren/
长沙兼职大学生李程,http://www.hf1z.com/html/9/changshajianzhidaxueshenglicheng/
小三穿着性感黑丝翘臀露穴实在是骚,http://www.hf1z.com/html/9/xiaosanchuanzhuoxingganheisiqiaotunluxueshizaishisao/
我那苗条身材诱人骚穴的大学女友,http://www.hf1z.com/html/9/wonamiaotiaoshencaiyourensaoxuededaxuenvyou/
漂亮女友那粉木耳百操不厌啊,http://www.hf1z.com/html/9/piaoliangnvyounafenmuerbaicaobuyana/
酒店小姐极品网格黑丝丰满的身材还能玩劈腿,http://www.hf1z.com/html/9/jiudianxiaojiejipinwanggeheisifengmandeshencaihuannengwanpitui/
叫了一位小姐内射嫩穴,http://www.hf1z.com/html/9/jiaoliaoyiweixiaojieneishenenxue/
还在上高中的妹子那咪咪还在发育呢,http://www.hf1z.com/html/9/huanzaishanggaozhongdemeizinamaimaihuanzaifayune/
長腿學生妹展示她的好身材,http://www.hf1z.com/html/9/changtuihuashengmeizhanshitadehaoshencai/
肤白腿长美女2[15P],http://www.hf1z.com/html/9/fubaituichangmeinv215P/
新婚的同学又来了，第四波[15P],http://www.hf1z.com/html/9/xinhundetongxueyoulailiaodisibo15P/
肤白腿长美女1[20P],http://www.hf1z.com/html/9/fubaituichangmeinv120P/
性感妻子家中自拍[32P],http://www.hf1z.com/html/9/xingganqizijiazhongzipai32P/
眼镜闷骚女同事在她家里勾引我1[20P],http://www.hf1z.com/html/9/yanjingmensaonvtongshizaitajialigouyinwo120P/
性感女友居家自拍01[30P],http://www.hf1z.com/html/9/xinggannvyoujujiazipai0130P/
身材不错的少妇露脸生活照2[20P],http://www.hf1z.com/html/9/shencaibucuodeshaofululianshenghuozhao220P/
情人节巨献_性感情人献美鲍！[20P],http://www.hf1z.com/html/9/qingrenjiejuxianxingganqingrenxianmeibao20P/
这个少妇不错，很漂亮的乳房白白嫩的身体[12P],http://www.hf1z.com/html/9/zhegeshaofubucuohenpiaoliangderufangbaibainendeshenti12P/
网络老婆喵浴室冲凉照 劲不劲[18P],http://www.hf1z.com/html/9/wangluolaopomiaoyushichongliangzhaojinbujin18P/
在读研究生极品正妹，就是有点黑[12P],http://www.hf1z.com/html/9/zaiduyanjiushengjipinzhengmeijiushiyoudianhei12P/
小阿姨發騷~掰穴誘惑我! [15P],http://www.hf1z.com/html/9/xiaoayibosaobaixuezhahuowo15P/
色诱我让我不得不上了她[10P],http://www.hf1z.com/html/9/seyouworangwobudebushangliaota10P/
性感妻子家中自拍[32P],http://www.hf1z.com/html/9/xingganqizijiazhongzipai32P/
淫荡人妻 刚生育还是那么淫荡！[35P],http://www.hf1z.com/html/9/yindangrenqigangshengyuhuanshinameyindang35P/
老是看別人老婆, 終於第一次分享自己老婆![32P],http://www.hf1z.com/html/9/laoshikanbierenlaopojianwudiyicifenxiangzijilaopo32P/
淫水直流，源源不断，操到床单都湿[12P],http://www.hf1z.com/html/9/yinshuizhiliuyuanyuanbuduancaodaochuangdandushi12P/
老婆这口交技术是一天比一天的[10P],http://www.hf1z.com/html/9/laopozhekoujiaojishushiyitianbiyitiande10P/
性感女友居家自拍03[30P],http://www.hf1z.com/html/9/xinggannvyoujujiazipai0330P/
性感誘人的雙峰[10P],http://www.hf1z.com/html/9/xingganzharendeshuangfeng10P/
微信漂流瓶聊的熟女骚妇，真的好骚[19P],http://www.hf1z.com/html/9/weixinpiaoliupingliaodeshunvsaofuzhendehaosao19P/
掰穴有没有看清楚下面是什么样的[20P],http://www.hf1z.com/html/9/baixueyoumeiyoukanqingchuxiamianshishimeyangde20P/
熟女人妻宾馆自拍[30P],http://www.hf1z.com/html/9/shunvrenqibinguanzipai30P/
完美身材女友浴缸裸拍2[20P],http://www.hf1z.com/html/9/wanmeishencainvyouyugangluopai220P/
小女友玩跳弹，不亦乐乎[18P],http://www.hf1z.com/html/9/xiaonvyouwantiaodanbuyilehu18P/
高清近距离观看桃花洞的美景 [14P],http://www.hf1z.com/html/9/gaoqingjinjuliguankantaohuadongdemeijing14P/
黑丝的诱惑 [13P],http://www.hf1z.com/html/9/heisideyouhuo13P/
女友的原生态 [15P],http://www.hf1z.com/html/9/nvyoudeyuanshengtai15P/
女友的粉嫩无毛穴 [10P],http://www.hf1z.com/html/9/nvyoudefennenwumaoxue10P/
做爱是种很好的锻炼，浑圆好身材是操出来的 [47P],http://www.hf1z.com/html/9/zuoaishizhonghenhaodeduanlianhunyuanhaoshencaishicaochulaide47P/
大战黑木耳情人 [14P],http://www.hf1z.com/html/9/dazhanheimuerqingren14P/
躺在床上自摸 [15P],http://www.hf1z.com/html/9/tangzaichuangshangzimo15P/
公司新来的财务 [13P],http://www.hf1z.com/html/9/gongsixinlaidecaiwu13P/
黑黑的阴唇等你来 [14P],http://www.hf1z.com/html/9/heiheideyinchundengnilai14P/
女人的毛越多，越骚 [8P],http://www.hf1z.com/html/9/nvrendemaoyueduoyuesao8P/
大奶风骚骚妇服务温馨技术就是好 [14P],http://www.hf1z.com/html/9/danaifengsaosaofufuwuwenxinjishujiushihao14P/
大奶熟女爱大屌 [12P],http://www.hf1z.com/html/9/danaishunvaidadiao12P/
想不到胸那幺大 [10P],http://www.hf1z.com/html/9/xiangbudaoxiongnamida10P/
这对大奶可以玩一年 [14P],http://www.hf1z.com/html/9/zheduidanaikeyiwanyinian14P/
我就喜欢和她一起出差 [25P],http://www.hf1z.com/html/9/wojiuxihuanhetayiqichucha25P/
小姨子有对大奶子 [10P],http://www.hf1z.com/html/9/xiaoyiziyouduidanaizi10P/
极品身材的妞家中啪啪啪雪白肌肤黑丝诱惑粉润木耳 [10P],http://www.hf1z.com/html/9/jipinshencaidehaojiazhongpapapaxuebaijifuheisiyouhuofenrunmuer10P/
安妮宝贝之童颜巨乳 [17P],http://www.hf1z.com/html/9/annibaobeizhitongyanjuru17P/
那些年的回忆操过的一线天的b [11P],http://www.hf1z.com/html/9/naxieniandehuiyicaoguodeyixiantiandeb11P/
这个骚妇见网友的第一次就玩3P了 [14P],http://www.hf1z.com/html/9/zhegesaofujianwangyoudediyicijiuwan3Pliao14P/
享受齐人之福 [19P],http://www.hf1z.com/html/9/xiangshouqirenzhifu19P/
搞到一个肥臀小师妹 [15P],http://www.hf1z.com/html/9/gaodaoyigefeitunxiaoshimei15P/
美少妇口活一流，操起来 [23P],http://www.hf1z.com/html/9/meishaofukouhuoyiliucaoqilai23P/
美少女首度肛交.爽到挫屎! [10P],http://www.hf1z.com/html/9/meishaonvshoudugangjiaoshuangdaocuoshi10P/
是她主动要求的，后庭花 [10P],http://www.hf1z.com/html/9/shitazhudongyaoqiudehoutinghua10P/