普通话 天津 河东区 阿静 ,http://www.hf1z.com/html/25/putonghuatianjinhedongquajing/
猛肏94年东北小女友 ,http://www.hf1z.com/html/25/mengman94niandongbeixiaonvyou/
女友求浪漫要酒店开房男友表爱意爽快答应 ,http://www.hf1z.com/html/25/nvyouqiulangmanyaojiudiankaifangnanyoubiaoaiyishuangkuaidaying/
后入大波大屁股小姐 ,http://www.hf1z.com/html/25/hourudabodapiguxiaojie/
漂亮女友爱爱俺的心情很愉悦 ,http://www.hf1z.com/html/25/piaoliangnvyouaiaiandexinqinghenyuyue/
出租屋和娇媚女友爱爱小逼好紧好舒服 ,http://www.hf1z.com/html/25/chuzuwuhejiaomeinvyouaiaixiaobihaojinhaoshufu/
承德艳照门之东北李佳-5 ,http://www.hf1z.com/html/25/chengdeyanzhaomenzhidongbeilijia5/
中午吃饭前，不让她上网，就欺负她 ,http://www.hf1z.com/html/25/zhongwuchifanqianburangtashangwangjiuqifuta/
成都大操兼职妹妹 ,http://www.hf1z.com/html/25/chengdudacaojianzhimeimei/
清华大学校花和男友爱爱遭流出 ,http://www.hf1z.com/html/25/qinghuadaxuexiaohuahenanyouaiaizaoliuchu/
本土新婚夫婦仿AV吃精 ,http://www.hf1z.com/html/25/bentuxinhunfufufangAVchijing/
跟女伴玩轮奸,女伴虚脱还想被操 ,http://www.hf1z.com/html/25/gennvbanwanlunjiannvbanxutuohuanxiangbeicao/
贺州9中中学生在家做爱自拍 ,http://www.hf1z.com/html/25/hezhou9zhongzhongxueshengzaijiazuoaizipai/
牛B女长时间喷水 ,http://www.hf1z.com/html/25/niuBnvchangshijianpenshui/
90后女生第一次 ,http://www.hf1z.com/html/25/90hounvshengdiyici/
本土情侶爱爱女友被幹叫不停 ,http://www.hf1z.com/html/25/bentuqinglvaiainvyoubeiganjiaobuting/
领着喝多了白领女同事去酒店开炮--霸王强上弓 ,http://www.hf1z.com/html/25/lingzhuoheduoliaobailingnvtongshiqujiudiankaipaobawangqiangshanggong/
国模韩冰，后来被摄影师给上了 ,http://www.hf1z.com/html/25/guomohanbinghoulaibeisheyingshigeishangliao/
真实自拍侧卧做爱，叫声荡 ,http://www.hf1z.com/html/25/zhenshizipaicewozuoaijiaoshengdang/
电动车上做爱 1 ,http://www.hf1z.com/html/25/diandongcheshangzuoai1/
侧睡着就被干了 ,http://www.hf1z.com/html/25/ceshuizhuojiubeiganliao/
某学院女生和男友开房 ,http://www.hf1z.com/html/25/mouxueyuannvshenghenanyoukaifang/
山东卫视闯关上梁山真正露点高清版 ,http://www.hf1z.com/html/25/shandongweishichuangguanshangliangshanzhenzhengludiangaoqingban/
给舞厅的哥哥口交 ,http://www.hf1z.com/html/25/geiwutingdegegekoujiao/
东莞福盈桑拿特殊服务 ,http://www.hf1z.com/html/25/dongguanfuyingsangnateshufuwu/
大学同学开房被偷拍 ,http://www.hf1z.com/html/25/daxuetongxuekaifangbeitoupai/
在家里偷情后她说一定要把床整理干净不能让老公发现 ,http://www.hf1z.com/html/25/zaijialitouqinghoutashuoyidingyaobachuangzhengliganjingbunengranglaogongfaxian/
台湾省高中清純小情侶自拍 ,http://www.hf1z.com/html/25/taiwanshenggaozhongqingjixiaoqinglvzipai/
小情人喜欢六九式说这样大家都可以一起爽1 ,http://www.hf1z.com/html/25/xiaoqingrenxihuanliujiushishuozheyangdajiadukeyiyiqishuang1/
自拍老婆自慰快到高潮…… ,http://www.hf1z.com/html/25/zipailaopoziweikuaidaogaochao/
北京旺世豪门雙胞胎姐妹3P接客視頻外流 ,http://www.hf1z.com/html/25/beijingwangshihaomenshuangbaotaijiemei3Pjiekeyaobinwailiu/
酒店玩刺激旁边还拍的人受的了吗 ,http://www.hf1z.com/html/25/jiudianwancijipangbianhuanpaiderenshoudeliaoma/
看真实的换妻 ,http://www.hf1z.com/html/25/kanzhenshidehuanqi/
工地毛坯房 ,http://www.hf1z.com/html/25/gongdimaopifang/
后入少妇淫荡叫床 ,http://www.hf1z.com/html/25/hourushaofuyindangjiaochuang/
国产群P 3男干1女 ,http://www.hf1z.com/html/25/guochanqunP3nangan1nv/
顶着熊猫眼的妹妹大清早就被男友拉起來打炮，国语对白 ,http://www.hf1z.com/html/25/dingzhuoxiongmaoyandemeimeidaqingzaojiubeinanyoulaqilaidapaoguoyuduibai/
妹子的屁股夹得我和她都好爽啊 ,http://www.hf1z.com/html/25/meizidepigujiadewohetaduhaoshuanga/
刚泡的幼师，大干一场吧 ,http://www.hf1z.com/html/25/gangpaodeyoushidaganyichangba/
这哥们是个猛男千次还金枪不倒 ,http://www.hf1z.com/html/25/zhegemenshigemengnanqiancihuanjinqiangbudao/
含蓄小妹性欲高涨嘿咻嘿咻也嗨得不得了 ,http://www.hf1z.com/html/25/hanxuxiaomeixingyugaozhangheixiaoheixiaoyehaidebudeliao/
南京高淳中行柜员小妹和网友见面后开房 ,http://www.hf1z.com/html/25/nanjinggaochunzhongxingguiyuanxiaomeihewangyoujianmianhoukaifang/
国产可爱小妹口交吞精自拍 ,http://www.hf1z.com/html/25/guochankeaixiaomeikoujiaotunjingzipai/
小两口野外偷情 ,http://www.hf1z.com/html/25/xiaoliangkouyewaitouqing/
夫妻小屋激情叫声淫荡 ,http://www.hf1z.com/html/25/fuqixiaowujiqingjiaoshengyindang/
杭州女在日本做爱自拍 ,http://www.hf1z.com/html/25/hangzhounvzairibenzuoaizipai/
河南小情侣在租住房 ,http://www.hf1z.com/html/25/henanxiaoqinglvzaizuzhufang/
承德艳照门之东北李佳-2 ,http://www.hf1z.com/html/25/chengdeyanzhaomenzhidongbeilijia2/
大学情侣自拍-女的说舒服要不要含深一点 ,http://www.hf1z.com/html/25/daxueqinglvzipainvdeshuoshufuyaobuyaohanshenyidian/
超级大的国产巨乳 ,http://www.hf1z.com/html/25/chaojidadeguochanjuru/
太原后坡刚结识超正炮 ,http://www.hf1z.com/html/25/taiyuanhoupogangjieshichaozhengpao/
媳妇真勾人，高潮两次 ,http://www.hf1z.com/html/25/xifuzhengourengaochaoliangci/
和嫩妹偷情玩车震 口爆还露脸 没玩过车震的感受一下 ,http://www.hf1z.com/html/25/henenmeitouqingwanchezhenkoubaohuanlulianmeiwanguochezhendeganshouyixia/
买房后顺便干了房产中介，连房带屄一起卖 ,http://www.hf1z.com/html/25/maifanghoushunbianganliaofangchanzhongjielianfangdaibiyiqimai/
夫妻清晰做爱自拍喷水如泉涌 ,http://www.hf1z.com/html/25/fuqiqingxizuoaizipaipenshuiruquanyong/
90后炮友趁她老公出差在她家里干到晕死 ,http://www.hf1z.com/html/25/90houpaoyouchentalaogongchuchazaitajialigandaoyunsi/
老婆喝多了！让六十多岁的男同事送回来的 ,http://www.hf1z.com/html/25/laopoheduoliaorangliushiduosuidenantongshisonghuilaide/
国模自拍2 ,http://www.hf1z.com/html/25/guomozipai2/
和老婆做爱清晰拍摄绝对真实 ,http://www.hf1z.com/html/25/helaopozuoaiqingxipaishejueduizhenshi/
有点呆呆的妹纸穿上职业装最漂亮最有女人味 ,http://www.hf1z.com/html/25/youdiandaidaidemeizhichuanshangzhiyezhuangzuipiaoliangzuiyounvrenwei/
公司漂亮大波美女诱惑我插入 ,http://www.hf1z.com/html/25/gongsipiaoliangdabomeinvyouhuowocharu/
最近网络疯传的名校大美女和男友爱爱高清视频续 ,http://www.hf1z.com/html/25/zuijinwangluofengchuandemingxiaodameinvhenanyouaiaigaoqingshipinxu/
某女服务员宿舍-国产-超级淫荡2-1 ,http://www.hf1z.com/html/25/mounvfuwuyuansusheguochanchaojiyindang21/
北京人妖调教眼镜贱男鸡鸡插男人有趣 ,http://www.hf1z.com/html/25/beijingrenyaodiaojiaoyanjingjiannanjijichananrenyouqu/
真正偷拍，老婆还不知道 ,http://www.hf1z.com/html/25/zhenzhengtoupailaopohuanbuzhidao/
极品荡妇小熊穿上肉丝自拍性爱过程 ,http://www.hf1z.com/html/25/jipindangfuxiaoxiongchuanshangrousizipaixingaiguocheng/
韩国小情侣换了不少姿势，很high ,http://www.hf1z.com/html/25/hanguoxiaoqinglvhuanliaobushaozishihenhigh/
性感老女人2013-5-11 ,http://www.hf1z.com/html/25/xingganlaonvren2013511/
国模珠珠拍摄现场做高难度动作拍照还聊性话题0032 ,http://www.hf1z.com/html/25/guomozhuzhupaishexianchangzuogaonandudongzuopaizhaohuanliaoxinghuati0032/
2-大奶嫩妹自慰高潮竟然能喷到镜头上，太夸张了 ,http://www.hf1z.com/html/25/2danainenmeiziweigaochaojingrannengpendaojingtoushangtaikuazhangliao/
洗浴中心做按摩顺便做了个特服 ,http://www.hf1z.com/html/25/xiyuzhongxinzuoanmoshunbianzuoliaogetefu/
国产骚女变身女骑士 对话很淫乱【露脸】 ,http://www.hf1z.com/html/25/guochansaonvbianshennvqishiduihuahenyinluanlulian/
黑丝骚鸡干的她爽死夸哥哥棒极了 ,http://www.hf1z.com/html/25/heisisaojigandetashuangsikuagegebangjiliao/
高铁乘务员和前男友打炮自拍遭流出 ,http://www.hf1z.com/html/25/gaotiechengwuyuanheqiannanyoudapaozipaizaoliuchu/
肇庆佳美学校情侣自拍生活片(有爆菊特写) ,http://www.hf1z.com/html/25/zhaoqingjiameixuexiaoqinglvzipaishenghuopianyoubaojutexie/